CODEX,SEX,CPF,ANY,SELE,CPE
230661,D,08328,2010,10.05,08034
230310,H,08390,2010,12.336,08390
228108,H,17310,2010,10.294,17310
226494,H,08005,2010,11.028,08005
228260,H,08401,2010,10.47,08401
228315,D,08029,2010,12.074,08028
228439,H,08700,2010,10.694,08700
229037,H,99999,2010,10.255,
228188,D,08818,2010,10.556,08810
228204,H,08970,2010,9.938,08960
227829,D,08820,2010,11.108,08902
227008,H,08025,2010,10.44,08009
228474,H,08105,2010,11.538,08100
228229,H,08350,2010,12.494,08350
229400,D,12500,2010,11.9,
227301,H,08320,2010,10.62,08017
227307,H,08007,2010,11.522,08022
227854,H,08195,2010,11.924,08173
226818,H,08011,2010,12.65,08036
227045,H,08901,2010,10.334,08901
228300,H,08025,2010,11.302,08024
228302,H,08024,2010,10.596,08024
226980,D,08018,2010,10.551,
228017,H,08172,2010,10.456,08174
228018,H,08860,2010,11.586,08850
229368,H,08172,2010,11.154,08034
229380,H,07002,2010,10.004,
228418,H,08820,2010,9.994,08950
226679,H,08261,2010,10.446,08261
228504,H,43700,2010,9.936,43700
227659,H,08025,2010,11.004,08021
228637,H,08027,2010,11.024,08030
227766,H,08202,2010,11.96,08034
227725,H,08202,2010,11.422,08205
227746,H,08029,2010,11.76,08017
227665,H,08015,2010,10.172,08021
227459,H,08901,2010,9.782,08907
229457,H,08013,2010,10.634,08009
227637,D,08022,2010,12.466,08035
228600,H,08005,2010,10.738,08034
226738,H,08036,2010,10.432,08173
232879,D,17003,2010,10.882,17003
229759,H,08025,2010,9.842,08012
227095,H,08960,2010,10.654,08034
227096,H,08009,2010,12.13,08034
243262,H,28001,2011,12.461,
227121,H,08017,2010,11.532,08021
245316,H,08032,2011,11.19,08034
243766,H,07015,2011,10.662,
245110,H,08025,2011,11.814,08012
245710,H,08980,2011,10.598,08017
245729,H,08025,2011,10.68,08022
244226,H,08005,2011,10.036,08029
243658,H,08017,2011,10,08017
244575,D,08756,2011,11.648,08757
243572,H,08023,2011,10.58,08022
243584,D,AD700,2011,11.13,
245737,D,08009,2011,11.118,08009
243759,D,20002,2011,12.472,
245174,H,08017,2011,12.938,08017
246391,D,08784,2011,11.16,08770
245832,H,08028,2011,10.974,08017
243536,H,07410,2011,10.57,
243899,H,43002,2011,11.396,43002
245017,D,25001,2011,12.986,25002
243956,H,17310,2011,10.208,17310
245372,H,08022,2011,11.508,08022
245649,D,08017,2011,12.208,08022
245663,H,08901,2011,9.818,08014
243436,H,08029,2011,9.722,08029
244531,H,17111,2011,11.648,17003
244533,H,08397,2011,11.298,17003
246095,H,08202,2011,10.8,08017
246098,H,08038,2011,11.55,08028
243999,H,17480,2011,10.568,17480
246132,H,08017,2011,11.89,08028
244892,H,08911,2011,11.87,08912
246151,H,08820,2011,9.864,08820
245590,D,08023,2011,12.804,08022
245591,H,08840,2011,10.294,08007
244708,H,08041,2011,11.524,08009
245402,H,08034,2011,12.204,08034
245404,H,08015,2011,11.156,08036
243929,D,AD400,2011,11.37,
245607,H,08017,2011,10.756,08035
245624,H,08012,2011,11.33,08023
244905,D,08380,2011,11.048,08380
244074,H,08023,2011,10.704,08013
261708,D,08015,2012,12.92,08023
262084,H,08980,2012,12.586,08980
261088,D,43791,2012,11.468,43750
250480,H,08025,2011,9.626,08025
249953,H,00000,2011,9.665,
251070,H,08029,2011,10.804,08017
254421,H,08500,2011,9.524,08500
250745,H,08034,2011,10.24,08017
248562,H,08030,2011,10.06,08008
249058,H,08022,2011,9.78,08017
260533,D,08027,2012,12.248,08031
259761,H,07720,2012,11.746,
260548,H,08310,2012,12.214,08302
258489,D,08912,2012,11.702,08912
258507,D,99999,2012,10.67,
258295,H,22430,2012,10.949,
261527,H,08037,2012,11.574,08001
259148,H,08320,2012,11.966,08320
260971,H,43005,2012,11.564,43007
260569,H,08700,2012,11.678,08719
261591,H,08904,2012,10.978,08950
259401,H,08640,2012,10.828,08640
261169,H,08172,2012,13.04,08017
261170,H,08023,2012,10.866,08034
262075,H,08030,2012,11.396,08030
261897,H,08017,2012,11.952,08017
261942,D,08700,2012,12.196,08700
261301,H,43002,2012,11.354,43003
261367,H,08530,2012,12.142,08530
261231,H,43700,2012,12.58,08770
261872,H,08460,2012,10.624,08460
261150,D,08221,2012,10.978,08021
261273,H,08031,2012,10.746,08032
260462,H,08440,2013,10.266,08530
260465,H,08021,2012,12.796,08017
264620,H,25700,2012,10.382,08022
265302,H,08755,2012,11.288,08755
264800,H,08027,2012,10.39,08027
264805,H,08940,2012,10.774,08017
264542,H,08904,2012,12.022,08850
258865,H,08859,2012,12.54,08850
258885,H,08035,2012,10.77,08035
259585,H,08035,2012,12.162,08034
258599,H,08924,2012,10.562,08924
258605,H,25199,2012,11.302,25111
260071,D,07190,2012,10.802,
259998,D,08006,2012,11.338,08034
260006,H,08025,2012,10.826,08025
258824,D,08291,2012,11.726,08291
259652,H,08490,2012,11.598,08380
258888,D,07820,2012,13.276,08017
260402,H,08012,2012,12.418,08006
258944,H,07703,2012,10.484,
259480,D,08034,2012,10.892,08022
259487,H,08700,2012,10.53,08700
258627,H,08005,2012,11.152,08916
260673,H,08391,2012,11.282,08390
258836,H,08023,2012,10.558,08034
258957,H,08870,2012,10.685,
260200,H,08820,2012,10.98,08023
275012,H,08025,2013,13.386,08034
274906,H,08790,2013,11.032,08022
265060,H,08340,2012,10.384,08302
269763,D,08021,2011,9.736,
269770,H,08830,2010,11.458,08830
264997,H,16200,2012,11.468,
275244,H,08026,2014,10.44,08010
275937,H,08005,2015,10.352,08005
276673,H,08027,2013,10.054,08030
275267,H,43716,2013,13.092,43700
276713,D,08503,2013,11.374,08500
275374,H,08940,2015,10.058,08940
275968,H,08430,2013,10.542,08400
275652,H,08640,2013,9.962,08640
275297,H,08038,2013,10.17,08004
275397,H,46780,2013,11.18,
276949,H,08025,2013,11.346,08009
276951,H,25003,2013,11.022,25002
276491,H,17002,2013,11.116,17005
275080,D,08012,2013,11.686,08034
275060,H,08011,2013,10.424,08034
274958,H,08015,2013,10.752,08034
276146,H,08500,2013,12.85,08500
275023,H,08032,2012,11.59,08034
274965,H,43870,2013,12.07,43870
274785,H,08840,2015,10.03,
273880,H,08711,2013,9.514,08700
274308,D,08021,2013,11.66,08021
274825,H,08020,2013,10.22,08027
273958,H,25006,2013,12.186,25003
274159,D,25700,2013,12.308,25700
274172,H,08796,2013,12.668,08770
273970,H,08796,2013,10.466,08770
280215,H,08027,2013,11.986,08030
277854,D,25300,2013,11.104,25300
277884,H,08450,2013,10.166,08440
277051,H,08560,2013,9.946,08560
276304,H,08403,2013,9.93,08401
276397,H,08640,2013,11.212,08640
276442,H,08023,2013,11.92,08017
276260,H,08870,2013,12.45,
276292,H,08011,2013,10.62,08010
278138,H,08019,2013,9.93,08007
278286,H,08402,2013,10.71,08401
277339,H,08290,2013,11.586,08290
277512,H,25740,2013,10.27,25740
277913,H,08450,2013,10.444,08520
277021,H,43870,2013,11.198,43870
279025,H,08401,2013,11.972,08440
279047,H,08914,2013,11.834,08911
277288,H,43203,2013,11.856,43206
278971,H,08330,2013,11.126,08330
277630,H,08540,2013,11.344,08540
278194,H,08174,2013,11.69,08173
278214,H,08756,2013,11.558,08757
276968,H,17002,2013,12.552,17002
276983,H,08770,2012,11.32,08770
277493,H,08022,2013,11.788,08034
292917,H,08173,2014,12.41,
292926,H,08025,2014,12.06,08032
292931,H,08014,2014,10.512,08014
289280,H,08021,2014,10.452,08034
289283,H,08172,2014,10.896,08173
289286,H,08690,2014,12.766,08034
289290,H,08008,2014,12.31,
289293,H,08029,2014,12.02,08034
289302,H,08015,2014,11.13,08034
289303,H,43001,2014,10.776,43003
289245,H,08025,2014,10.558,08017
289249,H,07350,2014,11.106,
289154,H,08197,2014,10.03,
289159,H,08470,2014,9.828,08470
289161,H,22500,2014,9.39,25111
289255,D,08022,2014,12.274,08022
289260,D,17003,2014,10.002,17002
289322,H,08010,2014,11.144,08010
289334,H,08017,2014,11.372,08034
288983,H,08017,2014,9.882,08174
289003,H,43001,2014,11.23,43120
289179,H,08034,2014,9.732,08017
289181,D,08023,2014,12.668,08022
289187,H,08025,2014,11.036,08032
289194,H,08302,2014,11.79,08303
289100,H,08870,2014,11.846,08870
289101,H,25004,2014,12.224,25008
289022,H,07190,2014,11.954,
289028,H,08183,2014,11.788,08036
289127,H,08980,2014,9.904,08980
289036,H,08014,2014,9.886,08014
289401,H,08022,2014,9.576,08023
289410,H,25005,2014,12.512,25008
289212,H,25110,2014,10.498,25111
289220,H,08037,2014,13.3,
289227,H,08013,2014,12.074,08009
289241,H,08023,2014,9.864,08017
289060,H,07141,2014,12.126,
289068,H,43500,2014,11.484,43500
289087,H,08015,2014,10.924,08015
289378,H,43500,2014,12.506,43500
289096,H,08348,2014,9.71,08301
289268,H,08037,2014,11.076,08034
289270,H,08010,2014,12.08,
289364,H,08016,2014,11.124,08016
289206,H,08028,2014,9.492,08034
288966,H,08195,2014,10.992,08017
288975,H,17003,2014,9.526,17004
288976,H,08173,2014,11.744,08034
288978,H,08028,2014,13.21,08014
289391,H,08041,2014,9.572,08034
289210,D,07011,2014,12.064,
289040,H,08290,2014,10.516,08006
289042,H,08906,2014,9.472,08901
294149,H,08021,2014,11.006,08173
304052,H,08400,2015,11.694,08400
304328,H,08015,2015,12.582,08010
304333,H,08340,2015,12.928,08340
304159,H,08013,2015,9.906,08026
304162,H,08013,2015,11.424,
304163,H,08009,2015,10.624,08010
304306,H,08023,2015,11.874,08034
304308,H,08029,2015,11.744,08017
304316,H,08002,2015,9.722,08023
304030,H,08840,2015,9.91,08850
304032,H,08970,2015,10.718,08173
304045,H,08500,2015,10.976,08500
304060,H,08018,2015,11.492,08027
304062,H,08260,2015,10.334,08260
304247,H,35423,2015,13.353,
304253,H,43007,2015,12.806,43005
304257,H,08290,2015,10.046,08290
304262,H,08940,2015,11.286,08970
304277,D,17480,2015,10.628,17480
304340,D,08017,2015,13.7,08034
304344,H,08172,2015,10.886,08017
304347,D,17600,2015,13.14,17600
304349,D,08037,2015,10.854,08010
304075,H,08800,2015,9.704,08800
304082,H,08370,2015,11.966,08370
304173,H,08917,2015,12.118,08912
304187,H,08739,2015,13.76,08770
304189,H,08006,2015,10.622,08006
304192,H,08029,2015,12.364,08029
304362,H,08903,2015,10.306,08014
304363,H,08190,2015,9.858,08174
304369,H,08172,2015,9.836,08034
304197,H,08520,2015,10.038,08440
304371,H,08197,2016,9.016,08034
304380,H,08034,2015,9.868,08034
304112,H,08013,2015,12.876,08006
304115,H,08023,2015,11.5,08032
304205,H,08208,2015,10.368,08201
304214,H,08034,2015,11.322,08034
304383,H,25240,2015,11.618,25337
304389,H,08755,2015,11.534,08173
304138,D,03530,2015,10.788,
304149,H,43800,2015,10.514,43800
304152,H,08028,2015,11.496,08014
303963,D,08430,2015,12.526,08430
303971,H,08036,2012,9.98,08017
303973,H,08005,2015,10.634,08010
303977,H,08028,2015,12.19,08028
303978,D,08130,2015,11.74,08130
303979,H,08030,2015,10.554,08030
303992,H,08024,2015,10.542,08023
304006,H,08028,2015,13.336,08022
304008,H,08042,2015,9.792,08030
309128,H,08028,2015,10.648,08034
308041,H,08173,2015,10.324,08173
308043,H,17300,2015,10.644,17300
308052,H,08017,2015,9.64,08017
230662,H,08193,2010,10.036,08174
230686,H,43005,2010,11.4,43005
231048,H,07013,2010,10.802,
230992,H,08914,2010,11.666,08912
229830,H,08328,2010,10.198,08021
227947,H,08303,2010,10.49,08303
227956,H,08028,2010,11.636,08029
229096,D,08940,2010,10.39,08901
226495,D,08011,2010,10.47,08007
227207,H,08034,2010,11.2,08034
227284,H,08041,2010,10.052,08041
229972,D,08700,2010,10.574,08700
228045,D,17003,2010,10.11,17003
227132,H,08034,2010,10.398,08022
229520,H,08195,2010,10.672,08035
226441,H,08840,2010,9.852,08034
228210,D,25740,2010,11.08,25740
227828,D,08038,2010,11.032,08902
227012,H,08011,2010,11.202,08009
228061,H,08021,2010,11.742,08034
226798,D,08860,2010,10.798,08850
227855,H,08022,2010,12.242,08173
227856,H,08017,2010,9.896,08173
228998,H,08004,2010,10.45,
227935,D,17007,2010,12.774,17004
227032,H,08021,2010,10.906,08017
228242,D,08020,2010,11.63,08980
227877,H,17003,2010,12.262,17005
227057,H,08018,2010,10.604,08009
230248,D,43005,2010,11.36,43005
226635,H,08902,2010,10.96,08902
227742,D,08021,2010,9.892,08022
228532,H,43203,2010,11.38,43120
227602,D,08036,2010,13.062,08029
228375,H,08820,2010,9.784,08950
227607,H,08796,2010,10.434,08029
228573,H,08034,2010,11.098,08173
228576,H,08620,2010,10.328,08620
228704,H,43500,2010,11.328,43500
228599,H,08034,2010,11.276,08034
228601,D,08036,2010,11.58,08034
227700,H,08009,2010,12.306,08010
243205,H,08025,2011,12.66,
227231,H,08025,2010,11.378,08025
228126,H,08980,2010,10.916,08980
227073,H,08197,2010,9.882,08022
227087,H,08402,2010,11.76,08402
227091,H,08905,2010,10.1,08034
229148,H,08030,2010,10.434,08027
243374,D,08022,2010,10.762,08034
246312,H,08840,2011,10.54,08840
244483,D,08700,2011,11.298,08719
245764,H,08028,2011,9.98,08017
245777,H,08021,2011,10.086,08009
243666,H,08860,2011,11.592,08034
245190,D,08017,2011,12.076,08006
244208,D,43007,2011,10.706,43003
245121,D,08017,2011,11.81,08022
244342,D,43007,2011,12.542,43110
243737,D,08017,2011,13.585,
245810,H,08506,2011,11.4,08500
245168,H,08021,2011,11.56,08022
244457,H,08717,2011,11.498,25200
245004,H,08700,2011,11.268,08719
243546,H,08034,2011,12.743,
244329,D,08776,2011,12.252,08770
232393,H,08017,2010,9.714,08017
232335,H,07760,2010,9.688,
246519,H,08850,2010,9.886,08850
246265,H,08370,2011,12.648,08370
244753,H,08027,2011,11.004,08041
245505,D,08021,2011,12.516,08034
245509,H,08029,2011,10.87,08029
244852,H,08034,2011,11.664,08021
245359,H,08022,2011,10.348,08034
244663,H,25196,2011,10.708,25002
245373,D,08022,2011,11.782,08022
245375,H,08030,2011,12.11,08030
243985,H,08912,2011,10.074,08912
244517,H,08038,2011,9.948,08902
244698,H,08173,2011,10.616,08021
245443,H,08030,2011,11.118,08030
245677,D,08172,2011,11.938,08034
244758,H,17134,2011,10.13,17257
244113,H,17003,2011,10.486,17002
245556,D,08173,2011,10.726,08010
245619,H,08028,2011,11.838,08014
245620,D,08014,2011,10.374,08014
245954,H,08960,2011,11.2,08960
247055,H,07194,2011,11.066,
247070,H,08922,2010,10.826,08030
252422,H,08027,2011,9.6,08027
252430,H,17534,2011,9.582,17500
261696,H,08028,2012,12.25,08028
261703,H,08028,2012,10.534,08014
248661,H,07240,2011,10.648,
261726,H,08860,2012,10.91,08860
248722,H,08110,2011,10.659,
248338,H,08017,2011,9.78,08017
250608,D,08035,2011,9.642,08035
250031,H,08620,2011,9.622,08620
248426,H,08006,2011,11.818,08034
259116,H,08401,2012,11.21,08440
259117,H,08459,2012,11.246,08440
260496,H,08820,2012,11.614,08034
258290,H,08028,2012,10.826,08034
260930,H,08037,2012,11.542,08021
259877,H,08035,2012,11.557,
261523,H,08849,2012,11.34,08840
259899,H,08022,2012,10.49,08173
260988,H,08027,2012,12.4,08027
258318,H,08750,2012,10.812,08750
258320,H,08018,2012,10.546,08010
259188,D,17001,2012,11.726,17006
261575,H,08025,2012,10.544,
261577,H,08014,2012,12.686,08021
259951,H,08540,2012,10.758,08540
262081,H,08005,2012,10.976,08005
261327,H,08027,2012,10.538,08027
261345,H,08398,2012,12.376,08370
261443,H,08980,2012,10.69,08980
261446,D,08014,2012,12.166,08029
261848,H,08850,2012,11.72,08850
261228,H,08027,2011,10.698,08027
261239,H,08030,2012,12.798,08030
264795,H,08401,2012,10.434,08400
264437,D,17003,2012,10.38,17003
260807,H,25006,2012,11.74,25193
259638,H,08005,2012,10.842,08005
260299,D,08290,2011,12.164,08013
259528,H,08021,2012,12.682,08034
260427,H,08720,2012,10.688,08720
260127,H,08770,2012,11.444,08770
259470,H,08018,2012,11.278,08009
259477,H,08460,2012,11.942,08460
258642,D,08172,2012,11.584,08193
260248,D,08392,2012,12.218,08392
263937,H,08190,2012,10.424,08034
260698,H,08185,2012,11.406,08181
260194,H,08173,2012,10.878,08021
275032,D,08197,2013,10.446,08006
262923,H,08035,2012,12.18,08031
262945,H,08800,2012,12.796,08800
274260,H,08021,2013,12.484,08173
263085,H,43881,2012,10.58,08770
274894,H,08172,2013,11.688,08034
274184,H,08184,2013,10.586,08140
274187,H,08034,2013,10.476,08034
262851,H,25124,2012,11.108,25196
264979,H,08018,2012,10.434,
262744,D,08302,2012,11.154,08303
262798,H,08005,2012,11.816,08005
276769,H,08027,2011,10.798,08026
276529,D,38201,2013,10.683,
276674,H,08031,2013,10.054,08031
276729,D,08011,2013,12.44,08034
275979,H,08206,2013,9.994,08206
276921,D,08904,2013,10.596,08907
276930,H,43800,2013,11.806,43800
275202,H,25222,2013,11.416,25230
275206,H,25790,2013,11.946,25280
274649,H,08185,2013,10.646,08100
275082,H,08034,2013,11.554,08034
275107,D,08700,2013,12.944,08700
276814,H,08242,2013,10.94,08241
275027,H,08401,2013,12.766,08401
275884,D,08348,2013,10.254,08301
273905,D,08028,2013,13.424,08021
274275,D,43205,2013,10.484,43205
273938,D,08205,2013,12.348,08193
274298,H,08037,2013,12.578,08023
274124,H,08029,2012,10.588,08036
275486,H,43878,2013,11.272,43570
274513,H,08198,2013,10.206,08021
276867,H,08009,2013,10.504,08035
277867,H,08011,2013,10.098,08036
277375,H,08029,2013,13.428,08034
277741,D,08370,2013,12.24,08370
277758,D,08811,2013,10.346,08800
277061,H,08038,2013,11,08009
275174,D,08172,2013,12.77,08017
276290,H,07181,2013,10.438,
278260,H,08022,2013,12.398,08022
277981,H,08173,2013,11.058,08034
278275,H,08022,2013,10.646,08022
278287,H,08017,2013,12.946,08017
278004,D,08017,2013,11.314,08035
277345,D,07181,2013,10.826,
277238,H,17230,2013,11.19,17230
277163,H,08017,2013,11.976,08022
277667,D,08480,2011,11.132,08480
278052,D,43005,2013,10.604,43005
279040,H,08006,2013,10.104,08034
277707,H,43870,2013,10.86,43870
277934,H,08402,2013,10.944,08520
277547,H,08025,2013,12.27,08025
277824,D,08022,2013,11.594,08034
279337,H,08759,2013,9.978,08759
277658,D,08028,2013,10.686,08034
292909,D,08006,2014,12.736,08034
292914,H,08912,2014,9.96,08912
292930,H,43391,2014,9.938,43850
292935,H,08014,2014,9.874,08028
289413,H,25008,2014,9.906,25008
289414,H,08023,2014,10.556,08034
289418,D,08013,2014,12.918,08010
289420,H,08820,2014,10.864,08820
289281,H,36203,2014,10.934,
289284,D,08023,2014,10.968,08022
289285,D,08032,2014,11.422,08017
289299,D,08005,2014,11.832,08009
289308,H,08017,2014,9.794,08022
289153,H,08026,2014,12.328,08022
289155,H,08006,2014,11.686,08034
289261,H,08970,2014,11.278,08970
289311,H,08001,2014,12.486,08001
289320,H,08015,2014,12.07,08006
289325,H,08021,2014,11.09,08021
289192,D,43006,2014,10.404,43003
289196,H,08025,2016,9.224,08025
289199,H,08860,2014,12.078,08850
289098,D,08461,2014,12.258,08440
289017,D,08970,2014,10.11,08950
289108,H,08506,2014,11.758,08500
289116,H,07181,2014,10.594,
289031,H,99999,2014,11.35,
289038,H,08021,2014,10.968,08034
289408,H,08006,2014,11.722,08021
289135,D,08036,2014,11.352,08036
289137,H,08022,2014,11.184,08017
289138,H,08028,2014,12.43,08034
289139,D,08017,2014,11.056,08022
289052,D,08756,2013,10.21,08757
289219,D,08034,2014,10.384,08017
289226,H,08008,2014,10.158,08008
289230,H,08013,2013,10.518,08009
289239,H,08571,2014,12.302,08570
289057,H,08901,2014,9.95,08907
289059,H,17176,2014,9.874,17800
289070,H,08029,2014,9.748,08017
289071,H,08029,2014,10.088,08029
289080,H,08901,2012,9.38,08950
289083,H,08740,2014,11.42,08740
289092,H,08021,2014,10.588,08006
289267,H,25400,2014,13.006,25400
288959,H,08034,2014,12.62,
289338,D,08017,2014,10.578,08017
289348,H,08911,2014,10.972,08912
289350,H,08770,2014,12.032,08770
289352,H,08034,2014,10.38,08034
289356,H,08023,2014,10.064,08022
289357,H,08016,2014,10.338,08030
289365,H,08021,2014,11,17005
289383,H,08006,2014,13.286,08006
289384,D,08006,2014,9.86,08022
289387,H,17005,2014,12.872,17006
289390,H,07013,2014,9.44,
289397,D,08197,2014,12.118,08022
289400,H,08330,2014,9.522,08330
289041,D,07010,2014,11.636,
294143,H,08028,2014,9.59,08034
294157,H,25003,2014,10.062,25002
304053,D,08840,2015,11.162,08840
304054,H,08026,2015,10.232,08021
304326,H,08303,2013,12.428,08303
304334,D,08041,2015,9.682,08041
304165,H,08002,2015,9.692,08028
304282,D,08017,2015,10.331,
304283,H,08690,2015,9.744,08950
304017,H,43205,2015,10.174,43205
304018,H,08340,2015,10.492,08340
304293,H,08017,2015,12.329,
304294,H,08025,2015,10.182,08025
304296,H,08017,2015,10.734,08017
304298,D,08029,2015,11.048,08029
304299,H,08173,2015,10.646,08021
304301,H,08520,2015,10.176,08530
304309,H,08960,2015,10.42,08034
304310,D,08395,2015,11.048,08370
304313,D,08870,2015,10.122,08017
304319,H,08021,2015,9.792,08022
304323,H,08034,2015,11.152,08034
304023,D,17005,2015,11.104,17006
304026,H,08020,2015,11.81,08009
304029,D,08150,2014,10.154,08100
304041,H,08034,2015,10.362,08017
304043,H,07400,2015,10.188,
304068,H,08024,2015,13.178,08034
304242,H,08034,2015,9.898,08034
304255,D,08029,2015,10.994,08017
304258,D,08029,2015,11.092,08017
304264,H,08820,2015,11.176,08820
304270,H,08690,2015,9.84,08901
304275,H,17300,2015,9.898,17300
304276,D,08850,2015,9.694,08850
304342,H,08006,2015,12.054,08017
304345,H,08130,2015,9.768,08130
304350,H,08027,2015,10.6,08027
304352,H,08005,2015,10.532,08027
304356,H,08776,2015,12.338,08770
304361,H,08918,2015,10.678,08930
304072,H,08017,2014,12.354,08022
304097,H,08906,2015,10.784,08006
304099,H,08830,2015,12.324,08830
304101,H,08035,2015,10.322,08035
304170,H,08940,2015,11.37,08970
304174,H,08700,2015,11.44,08719
304179,H,08021,2015,9.926,08034
304190,D,08023,2015,11.594,08022
304191,H,08690,2015,10.272,08830
304365,H,43005,2015,12.736,43007
304366,H,07013,2015,11.496,
304378,H,08757,2015,11.33,08950
304390,H,08840,2015,9.826,08840
304391,D,08015,2015,10.854,08029
304393,H,08004,2015,10.038,08004
304397,H,07570,2015,11.738,
304120,H,08022,2015,12.428,08022
304132,D,08008,2015,11.486,08008
304139,H,08001,2015,11.774,08001
304144,H,08009,2015,10.752,08009
304150,H,43206,2015,11.646,43120
304153,H,08850,2015,12.528,08850
304226,D,08007,2015,12.408,08034
304231,H,08290,2015,10.744,08290
304241,H,08035,2015,11.572,08035
303980,H,08021,2015,9.934,08034
303996,H,08500,2015,9.836,08500
304001,H,08172,2015,12.078,08034
304007,H,08530,2015,12.684,08530
309132,D,08006,2015,11.02,08034
308059,H,08211,2014,11.702,08211
230684,H,43781,2010,11.888,43780
227199,H,08029,2010,10.42,08017
227942,H,43003,2010,10.04,43005
227953,H,08029,2010,9.988,08029
227213,H,08912,2010,11.384,08912
228247,H,08740,2010,12.736,08960
229108,H,08950,2010,12.888,08960
228047,H,08397,2010,10.728,17003
226543,D,08401,2010,11.938,08401
227821,D,08907,2010,10.844,08907
226455,H,08700,2010,10.642,08700
227838,H,08800,2010,10.96,08800
227006,D,08038,2010,12.128,08038
227285,H,08025,2010,9.83,08041
227286,H,08035,2010,10.048,08035
227304,H,08173,2010,10.076,08017
227027,H,08755,2010,11.166,08755
227034,H,08006,2010,12.188,08017
227036,H,08037,2010,11.078,08034
227332,H,08552,2010,9.786,08500
228297,H,08820,2010,11.764,08820
228015,H,08191,2010,11.34,08174
228029,H,08180,2010,11.332,08180
229911,H,08903,2010,9.792,08034
229370,H,08016,2010,10.124,08027
228494,H,08242,2010,10.444,08240
227639,D,08029,2010,12.422,08022
230066,D,08028,2010,12.132,25111
228525,H,08030,2010,10.96,08030
227774,H,08173,2010,11.256,08034
227779,H,08922,2010,12.436,08030
229677,H,08340,2010,10.328,08340
227520,H,08905,2010,10.334,08034
227752,H,08029,2010,11.092,08034
228367,H,08173,2010,10.734,08197
227686,H,08902,2010,10.076,08014
229691,H,08012,2010,11.386,08007
227792,D,08029,2010,13.016,08036
227556,D,08031,2010,12.618,08016
230829,H,08013,2010,11.578,08009
228661,H,08029,2010,11.948,08034
227495,H,08503,2010,9.836,08500
228572,D,08034,2010,9.84,08173
228695,D,08690,2010,10.108,08830
227506,H,08902,2010,10.844,08902
228708,H,22520,2010,10.548,25111
228628,D,08025,2010,11.45,08030
227756,H,08023,2010,13.496,08034
228721,H,08029,2010,10.522,08014
228281,H,08397,2010,10.332,08370
243241,H,07620,2011,10.748,
244495,H,08780,2011,12.27,08950
245086,H,08013,2011,11.222,08024
245235,D,08017,2011,11.68,08017
244340,D,43596,2011,12.386,43110
244361,H,25006,2011,9.726,25111
245853,H,08820,2011,10.938,08950
245865,H,08732,2011,10.1,08720
231885,H,08015,2010,10.586,08001
246370,D,08034,2011,10.664,08022
245733,H,08015,2011,11.888,08036
244287,H,43500,2011,11.204,43500
245166,H,08328,2011,9.906,08916
244252,H,08015,2011,10.576,08029
245846,H,08006,2011,11.576,08173
243721,H,07013,2011,10.448,
245127,H,08028,2011,10.582,08028
244339,D,43005,2011,11.194,43110
245077,H,08028,2011,10.826,08034
232372,H,08370,2010,9.72,08370
232248,H,08036,2010,9.694,08023
232166,H,00000,2010,9.767,
246807,H,17480,2011,12.166,17480
246706,H,08902,2010,10.228,08903
246579,H,08820,2010,10.122,08021
246657,H,25600,2011,11.09,25600
246199,H,08756,2011,10.734,08757
244279,H,43007,2011,10.622,43007
244844,D,25002,2011,10.194,25002
244846,H,25310,2011,11.506,25310
246237,H,08970,2011,13.2,08980
243959,H,25617,2011,10.112,25600
243964,H,08110,2011,11.274,08110
243988,D,25006,2011,11.972,25003
244151,H,43001,2011,10.8,43003
244703,H,08012,2011,12.28,08021
246094,H,08023,2011,10.86,08017
246123,H,08302,2011,11.268,08301
244888,H,08028,2011,12.582,08021
244041,H,08011,2011,11.906,08029
245394,H,08034,2011,11.08,08034
245403,H,08034,2011,10.842,08034
245563,H,08018,2011,10.764,08010
244626,D,25600,2011,12.18,25600
244785,H,08207,2011,11.062,08207
245985,H,08017,2011,10.436,08173
245986,H,08017,2011,11.694,08173
245944,H,08750,2011,10.418,08750
245636,H,08860,2011,12.542,08034
247069,H,07230,2011,10.252,
252419,H,08034,2011,9.58,08034
254783,H,08021,2011,9.478,08173
261759,H,25006,2012,10.924,25003
250276,H,08970,2011,9.625,
261774,H,08173,2012,11.488,08172
261734,H,08770,2012,12.686,43206
261058,H,08980,2012,11.48,08980
248551,H,08022,2011,11.72,08017
250608,D,08035,2011,9.142,08035
259125,H,08018,2012,11.05,08018
259414,H,08530,2012,11.316,08530
260539,D,08022,2012,13.072,08034
260541,H,08840,2012,12.628,08840
258260,H,08339,2012,11.076,08339
259981,H,08172,2012,12.106,08173
261509,H,08011,2012,11.66,08023
259037,H,08009,2012,10.514,08010
259789,D,08014,2012,12.378,08021
258438,H,25400,2012,11.33,25400
259874,H,08329,2012,11.39,08390
261549,D,08029,2012,11.114,08029
258205,D,08251,2012,10.796,08242
258222,H,08028,2012,10.838,
259084,H,08173,2012,10.786,08017
259232,H,08023,2012,11.776,08022
259671,H,08640,2012,11.386,08640
259886,H,07014,2012,12.508,
259357,H,08196,2012,10.9,08023
258323,D,08034,2012,11.84,08017
260600,H,17820,2012,11.31,17820
260466,H,08023,2012,10.86,08035
262287,H,07750,2011,9.28,
262114,D,08017,2012,11.432,08034
261903,H,08022,2012,11.182,08034
261214,H,08173,2012,12.614,08172
261459,D,08021,2012,12.186,08006
261977,H,08029,2012,11.348,08034
261401,H,07740,2012,10.636,
261860,H,08021,2012,11.864,08173
259924,H,08530,2012,11.532,08530
262056,D,08172,2011,12.2,08017
264523,H,08023,2012,10.406,08017
264793,D,08810,2012,10.456,08870
258115,H,08907,2012,10.346,08907
259595,H,08029,2012,11.566,08021
260710,H,08029,2012,12.124,08029
260236,H,43002,2012,11.044,43002
258737,H,08860,2012,11.2,08850
260861,H,08960,2012,11.366,08022
260864,H,08192,2012,11.294,08172
258154,H,08018,2012,11.896,08014
260755,D,08755,2012,11.01,08755
258685,H,25001,2012,10.524,25002
260663,H,08870,2012,10.932,08870
260664,H,08195,2012,10.502,08017
258719,H,08921,2012,11.502,08027
260444,H,25280,2012,12.034,25280
260699,H,08401,2012,10.802,08401
274976,H,08870,2013,10.488,08850
274442,H,08022,2013,11.268,08022
263238,H,08005,2012,11.66,08005
274611,D,08025,2013,11.348,08032
274191,H,08918,2012,10.21,08918
263378,H,08290,2012,11.688,08021
262895,H,17820,2012,12.37,17820
264979,H,08018,2014,10.434,
262745,H,08320,2012,11.04,08320
276756,D,08022,2013,11.982,08022
276781,D,25199,2013,9.978,25111
276392,H,08026,2013,11.522,08009
276847,H,43001,2013,12.98,43007
275258,H,12004,2013,11.62,
275350,H,08005,2013,12.812,08005
275367,H,17744,2013,10.654,17458
276736,H,08800,2013,11.686,08800
276620,H,43850,2013,11.246,43840
275219,D,08302,2013,10.774,08301
275067,H,08017,2013,11.374,08173
274764,H,08021,2013,11.29,08034
274778,D,07004,2013,10.766,
275368,H,08029,2013,10.634,08029
274017,D,08034,2013,13.432,08034
276584,H,08302,2013,9.988,08304
275904,H,08017,2013,10,08017
274148,H,07013,2013,11.38,
274520,D,08030,2013,11.51,08016
280198,H,34800,2013,9.916,
276407,H,08690,2013,11.614,08830
276425,H,08041,2013,11.174,08031
278268,H,08013,2013,10.2,08010
277672,H,08029,2013,10.82,08017
281294,D,25300,2013,9.794,25300
277759,D,43800,2013,10.94,43800
277700,H,08014,2013,10.448,08014
277247,H,08006,2013,10.358,08022
277518,H,43870,2013,11.566,43870
279206,H,08970,2013,11.022,08034
278975,H,08800,2013,10.718,08800
277628,H,08912,2013,11.056,08912
279067,H,08320,2013,10.926,08320
277000,D,08017,2013,10.744,08034
277484,H,08025,2013,12.036,08009
277488,D,08301,2013,10.78,08010
292905,D,17004,2014,9.524,17004
292907,H,08028,2014,12.332,08014
292915,D,43202,2014,10.824,43206
292922,D,08240,2014,11.194,08240
292923,H,08173,2014,10.374,08034
292933,H,08830,2014,10.092,08830
292936,D,08770,2014,10.638,08770
289279,D,08680,2014,10.642,08680
289282,D,08330,2014,9.748,08330
289289,D,08014,2014,13.35,08014
289244,H,08035,2014,11.474,08035
289246,H,08290,2014,11.644,08290
289150,H,08024,2014,10.47,08023
289317,D,25004,2014,11.244,25002
288985,H,08015,2014,11.182,08015
289006,H,08037,2014,11.58,08025
289175,D,08870,2014,12.888,08870
289180,H,08017,2014,10.586,08022
289182,H,08650,2013,9.048,08650
289184,D,17002,2014,11.338,17002
289186,H,08915,2014,11.714,08911
289012,H,08290,2014,11.146,08193
289020,H,08006,2014,11.74,08017
289026,D,08017,2014,12.14,08034
289117,D,25240,2014,10.854,25337
289125,D,08017,2014,13.102,08022
289032,H,08720,2014,10.47,08720
289035,H,08940,2014,12.228,08022
289037,H,25620,2014,11.508,25620
289214,H,08901,2014,11.082,08907
289224,H,08029,2014,9.884,08029
289238,H,08172,2014,9.402,08173
289061,H,12003,2014,10.448,
289065,H,08830,2014,12.92,08021
289066,H,08301,2014,9.912,08301
289069,H,08359,2014,10.716,08350
289082,H,07141,2014,10.084,
289088,D,08173,2014,10.796,08022
289374,H,08798,2014,10.366,08770
289093,H,08820,2014,9.66,08950
289339,D,12330,2014,11.052,
289340,H,08950,2014,9.996,08022
289353,H,43002,2014,10.096,43005
289368,H,08030,2014,9.956,08030
289207,H,08034,2014,11.52,08006
289274,H,08037,2014,11.744,08010
288964,H,08041,2014,10.502,08032
288967,H,08009,2014,11.648,08010
289275,D,08032,2014,11.462,08022
288972,H,08024,2014,10.468,08025
288973,H,08186,2014,9.538,08110
288981,D,17130,2014,9.716,17257
288982,H,08017,2014,12.712,08173
289389,D,08415,2014,9.502,08530
289396,H,08029,2014,9.39,08021
294152,H,08172,2014,12.014,08173
304329,H,08960,2015,11.112,08950
304331,H,08755,2015,10.324,08902
304291,H,08290,2015,9.962,08193
304292,H,08004,2015,12.42,08014
304311,H,07015,2015,9.958,
304315,D,08192,2015,12.69,08193
304321,D,43206,2015,11.862,43205
304029,D,08150,2015,10.154,08100
304033,H,08024,2015,10.17,08025
304037,H,08022,2015,10.828,08034
304042,H,08700,2015,10.186,08700
304044,D,25006,2015,13.24,25006
304056,H,08130,2015,9.994,08100
304063,H,08029,2015,10.53,08017
304243,H,17003,2015,11.734,17005
304267,H,08290,2015,11.576,08290
304274,D,08006,2015,10.98,08017
304338,H,08013,2015,10.62,08010
304343,H,08022,2015,10.222,08022
304080,H,08005,2015,12.494,08019
304085,H,42001,2015,10.91,
304087,H,17246,2015,11.684,17244
304089,H,08901,2015,11.762,08901
304281,H,08339,2015,12.998,08302
304175,H,08024,2015,12.752,08032
304188,H,08440,2015,10.576,08440
304114,H,38530,2015,11.813,
304117,H,08006,2016,9.623,
304202,H,08172,2015,10.872,08022
304209,H,08440,2015,12.356,08440
304213,H,07702,2015,11.914,
304386,D,08020,2015,12.742,08027
304398,D,08036,2015,12.444,08017
304400,H,07800,2015,12.994,
304405,H,08820,2015,10.788,08017
304126,H,07460,2015,11.284,
304127,H,43005,2015,11.642,43003
304129,H,08005,2015,11.62,
304142,H,08330,2015,10.432,08328
304143,H,08003,2015,11.52,08009
304146,H,17458,2015,11.498,17005
304148,H,08173,2015,11.652,08174
303960,H,08014,2015,12.308,08014
303968,H,25790,2015,9.704,08017
303974,H,08024,2015,10.404,08017
303986,H,08290,2015,9.726,08290
303995,D,08915,2015,12.838,08902
304003,D,08029,2015,12.664,08029
304005,D,08037,2015,12.264,08037
309144,H,08028,2015,11.32,08017
309147,D,08006,2015,12.53,08006
307330,H,08980,2015,9.046,08980
308050,H,28038,2015,11.986,
230878,D,08022,2010,10.934,08034
228044,D,17003,2010,12.044,17003
227182,H,08917,2010,9.804,08917
227264,H,08017,2010,10.39,08034
229262,D,07820,2010,10.234,
228323,H,17257,2010,10.42,17257
230006,H,07760,2010,10.83,
227880,D,17310,2010,10.478,17458
229635,H,08023,2010,11.522,08022
228436,D,08340,2010,11.208,08340
228046,H,17003,2010,10.702,17003
228049,H,08397,2010,10.73,17003
228190,D,08261,2010,11.436,08261
228459,D,43700,2010,10.146,43700
226515,D,17400,2010,12.126,08470
230008,D,07702,2010,10.238,
228060,H,08017,2010,12.136,08034
227298,H,08034,2010,10.524,08017
227857,H,08017,2010,10.322,08173
227363,H,08911,2010,11.496,08912
227021,H,08328,2010,11.182,08007
227369,H,08023,2010,9.77,08022
228080,H,08470,2010,11.424,08470
229423,H,17527,2010,11.334,17520
227383,H,08015,2010,12.092,08015
228021,D,08860,2010,10.196,08860
229925,H,08006,2010,12.796,08034
229821,D,43002,2010,12.37,43002
228429,D,08402,2010,11.586,08100
227712,H,08042,2010,11.2,08031
227519,D,08034,2010,11.528,08034
228631,H,08027,2010,10.16,08030
227735,D,08776,2010,10.754,08770
227522,H,08034,2010,10.256,08034
227753,H,08023,2010,10.928,08034
228531,H,43007,2010,11.818,43120
227787,H,08030,2010,10.66,08195
227590,H,08010,2010,12.462,08010
229698,H,08859,2010,9.946,08014
228382,H,43205,2010,10.354,43206
228660,D,08970,2010,10.732,08034
227624,H,08173,2010,11.7,08034
227406,H,08172,2010,10.106,08174
227413,H,08022,2010,11,08017
227422,D,08025,2010,10.794,08025
228715,H,43750,2010,10.504,43750
227452,H,08038,2010,10.058,08017
228630,D,08030,2010,13.246,08030
226877,H,08370,2010,12.137,
243182,H,08021,2011,12.667,
233142,H,08290,2010,11.78,08017
232094,H,08272,2010,9.684,08240
231991,H,08013,2010,10.802,08009
228884,H,08192,2010,9.77,08195
227098,H,08034,2010,10.73,08034
245322,H,08008,2011,13.336,08036
243777,H,07840,2011,10.632,
243551,H,AD400,2011,10.74,
245087,D,08960,2011,13.6,08022
243676,H,08026,2011,10.744,08032
245195,H,08015,2011,9.98,08017
244406,H,43007,2011,11.142,43003
245208,H,08034,2011,10.708,08034
245218,H,08037,2011,12.072,08036
232799,H,08005,2010,9.706,08005
243582,H,08012,2011,11.833,
244377,H,08018,2011,10.646,08009
244391,H,08338,2011,10.558,08338
246034,D,08224,2011,10.096,08221
245176,D,08173,2011,12.352,08022
232333,H,08784,2010,9.6,08770
247399,H,08013,2010,9.93,08010
246794,H,07230,2011,11.016,
246587,H,43550,2010,11.352,43500
246660,H,08036,2011,12.07,08006
245418,H,08950,2011,10.22,08034
244725,H,08173,2011,10.338,08173
244653,D,25700,2011,12.474,25700
246156,H,08201,2013,10,08017
244840,H,08980,2011,10.586,08980
244802,H,08173,2011,11.146,08172
245521,H,08014,2011,10.694,08010
245640,H,08024,2011,9.978,08024
244530,D,17002,2011,9.85,17003
244535,H,08034,2011,10.982,08021
244869,H,08032,2011,11.082,08031
244141,H,08018,2011,10.422,08029
244826,H,08028,2010,9.244,08028
244002,H,08100,2011,10.994,08100
245445,H,08028,2011,11.45,08017
246267,H,08397,2011,10.736,08370
245584,H,08025,2011,11.068,08034
245401,D,08034,2011,11.154,08034
245561,H,08002,2011,10.038,08010
244012,H,08100,2011,10.972,08100
245474,H,08340,2011,10.67,08301
245950,H,08014,2011,10.756,08028
245951,H,08350,2011,9.996,08350
245635,D,08029,2011,10.172,08017
252404,H,08022,2010,9.592,08022
247077,H,08025,2012,9.888,
246908,H,08921,2011,11.936,08030
252420,H,08530,2011,9.606,08400
261080,D,17310,2012,11.19,17310
261092,H,08017,2012,12.171,
250475,H,08027,2011,10.6,08041
261735,H,08553,2012,12.552,08540
261045,H,08017,2012,10.566,08017
248645,H,08024,2011,10.702,08007
248339,H,08017,2011,11.1,08022
248460,D,08041,2011,10.594,08022
261010,H,08017,2012,10.82,08017
261014,H,08030,2012,12.212,08030
260550,H,08302,2012,12.624,08302
259261,D,08392,2012,10.74,08392
260501,D,08006,2012,12.28,08034
259062,H,08173,2012,11.354,08034
259212,H,08028,2012,12.056,08034
259082,H,17310,2012,11.462,17310
258314,D,43420,2012,11.254,08719
259744,H,08810,2011,10.466,08870
258413,D,08195,2012,12.338,08021
259904,H,08500,2012,11.342,08500
262080,H,08340,2012,10.994,08340
261895,H,08035,2012,10.926,08035
261442,H,08172,2012,11.338,08172
261841,D,08140,2012,12.13,08140
261974,H,08023,2012,11.798,08006
261394,H,08912,2012,11.094,08912
262031,D,08017,2012,10.74,08017
261467,H,08027,2012,10.622,08031
261267,D,08022,2012,11.768,08022
260462,H,08440,2012,10.766,08530
264207,H,08034,2012,10.41,08034
264712,D,08859,2012,10.404,08850
264581,H,08293,2012,12.126,08700
260253,H,08480,2012,11.17,08480
260656,H,08036,2012,11.23,08036
258784,H,08029,2012,10.846,08034
260265,D,08020,2012,11.188,
260378,H,08041,2012,11.719,
260384,H,07560,2012,11.386,
258741,H,08370,2012,12.936,08370
260153,H,25300,2012,11.234,25300
258811,H,08901,2012,10.598,08907
258822,H,08480,2012,11.572,08530
260159,H,08037,2012,11.894,08009
258778,H,43850,2012,12.666,43205
258902,D,17230,2012,11.918,17230
260893,H,08700,2012,10.668,08700
260099,D,08173,2012,12.824,08034
259541,H,08290,2012,10.722,08007
259607,H,08940,2012,12.142,08017
260192,H,08014,2012,11.954,08034
260193,H,08034,2012,11.024,08034
274712,H,08770,2013,11.926,08770
275156,H,43002,2013,13.018,43002
274414,H,08720,2013,12.544,08770
263065,H,00000,2012,11.56,
274239,H,43007,2013,11.02,43007
274380,H,08600,2013,11.09,08600
274605,H,08902,2013,10.338,08017
274623,H,08130,2013,11.4,08100
262824,H,25199,2012,10.75,25008
265072,H,08034,2012,10.38,08017
265134,D,25286,2012,10.73,08600
264917,H,08034,2012,11.993,
264917,H,08034,2014,11.993,
276768,H,08916,2013,11.016,08912
276020,H,08980,2013,10.17,08980
276687,H,17242,2013,10.992,17244
276128,H,17401,2013,10.962,17401
276184,H,08950,2013,10.7,
276738,H,17800,2013,11.77,17800
275374,H,08940,2013,10.058,08940
276244,H,08021,2013,11.382,08006
275735,D,08022,2013,11.336,08034
275304,H,08015,2013,11.916,08029
275412,H,08034,2013,12.014,08034
275674,H,08902,2013,10.348,08902
275236,H,08770,2013,11.712,08770
274716,H,08021,2013,11.28,08034
274643,H,08021,2013,12.304,08034
273998,H,17494,2012,12.098,17480
274953,D,07004,2013,10.124,
274753,H,08500,2013,12.014,
274762,H,08022,2013,10.598,08017
274783,H,08329,2013,11.342,08328
276554,H,08017,2013,11.456,08017
274061,H,08150,2013,10.946,08100
274785,H,08840,2013,10.73,
273890,H,08173,2013,9.808,08034
275472,H,08904,2013,11.714,08014
274335,H,08980,2013,10.404,08980
276889,H,08034,2013,12.218,08034
274634,H,08202,2013,12.904,08201
274178,H,48100,2013,10.66,
277872,H,07014,2013,10.904,
277716,D,08022,2013,10.12,08017
280197,D,08191,2013,9.87,08193
275627,H,08029,2012,11.08,17257
275575,H,08041,2013,10.492,08041
276317,H,08320,2013,13.368,08302
278296,H,08022,2013,11.548,08022
276266,H,08798,2013,9.958,08720
278165,D,08021,2013,11.218,08017
277075,H,08005,2013,11.104,08005
277091,D,08009,2013,11.5,08010
277111,H,08034,2013,11.186,08017
277112,D,08022,2013,13.136,08022
278108,D,08032,2013,12.062,08032
278002,H,08205,2013,10.326,08034
278003,H,17600,2013,12.992,17600
277311,H,08034,2013,10.882,08034
281289,H,08017,2013,9.784,08017
279500,H,08912,2013,10.378,08912
278121,H,08290,2013,10.662,08172
277688,H,08014,2013,10.13,08028
278050,H,08021,2013,13.01,
277760,H,08034,2013,10.786,08034
277768,H,08029,2013,11.016,08035
279210,H,08173,2013,10.03,
277614,H,43001,2013,12.67,43007
277783,D,08860,2013,11.726,08001
279236,H,08950,2013,12.134,08034
278206,D,08041,2013,10.89,08024
277551,H,08328,2013,12.042,08328
276976,H,43881,2013,10.536,43820
276983,H,08770,2013,11.32,08770
277140,H,43897,2013,10.692,43500
277149,H,08034,2013,11.118,08034
277001,H,08172,2013,10.678,08017
277587,D,43840,2013,10.616,43840
292913,H,08402,2014,10.97,08400
292919,H,30110,2014,13.29,
292925,D,08029,2014,9.54,08036
292927,D,00000,2014,11.16,
289145,H,08173,2014,11.168,08173
289147,H,08021,2014,11.984,08021
289417,H,08480,2014,10.418,08195
289297,H,08173,2014,10.99,08034
289304,H,08202,2014,10.392,08201
289306,D,08017,2014,11.392,08017
289148,H,08290,2014,12.942,08031
289149,H,08401,2014,9.928,08401
289156,H,08901,2014,10.896,08907
289157,D,08034,2014,11.29,
289252,H,08034,2014,11.06,08006
289262,H,08022,2014,11.966,08034
289168,H,08034,2014,10.148,08017
289172,D,08243,2014,11.42,08242
289319,H,08023,2014,10.67,08006
289332,H,08034,2014,11.04,08034
288986,D,08017,2014,10.996,08022
288992,H,08397,2014,9.894,08397
288993,H,08013,2014,10.784,08010
288996,H,43007,2014,12.076,43007
288998,H,08980,2015,9.762,08980
289000,H,07800,2014,10.712,
289183,H,08005,2014,10.928,08010
289188,H,08911,2014,12.296,08911
289190,H,08017,2014,10.284,08017
289204,H,08173,2014,11.218,08173
289021,H,08303,2014,10.564,08303
289335,H,08173,2014,10.576,08034
289110,H,08017,2014,11.986,08017
289122,H,08022,2014,12.028,08010
289129,H,08173,2014,9.48,08021
289403,H,08017,2014,12.246,08022
289407,H,25730,2014,11.384,25730
289412,D,08635,2014,10.022,08640
289213,H,08006,2014,9.576,08034
289217,D,08188,2014,11.884,08401
289221,H,08020,2014,10.106,08027
289223,D,08034,2014,10.762,08034
289231,H,17130,2014,10.798,17458
289232,H,08770,2014,11.134,08770
289086,H,08320,2014,9.486,08302
289376,H,25006,2016,9.638,25008
289376,H,25006,2014,9.638,25008
289266,H,08173,2014,10.974,08173
288962,H,08035,2014,10.612,08034
289342,H,43800,2014,11.28,43800
289345,H,08173,2014,11.492,08034
289369,H,08015,2014,11.578,08015
289371,H,08338,2014,10.734,08338
289394,H,08202,2014,10.102,08201
289039,H,08950,2014,10.007,
294141,H,08001,2014,11.948,08001
294148,H,08173,2014,10.312,08034
294155,H,08024,2014,10.658,08024
304335,H,08030,2015,11.96,08030
304158,D,08130,2015,10.662,08130
304160,H,08006,2015,11.888,08034
304014,H,08572,2015,12.938,08560
304024,H,08017,2015,10.272,08017
304034,H,43007,2015,10.86,43002
304058,D,08029,2015,12.816,08029
304061,H,08030,2015,11.182,08030
304269,H,08320,2015,10.172,08320
304273,D,08021,2015,11.21,08034
304337,H,08005,2015,11.548,08003
304348,H,43201,2015,11.652,43205
304351,H,08024,2015,12.84,08009
304358,D,08720,2014,10.84,08720
304360,H,08003,2015,11.194,08005
304077,D,08017,2015,11.764,08022
304079,D,08022,2015,11.548,08022
304084,H,07760,2015,12.206,
304093,H,08140,2015,11.46,08140
304095,H,08860,2015,11.44,08850
304280,H,08028,2015,11.08,08014
304184,H,08174,2015,10.228,08173
304364,H,08304,2015,10.696,08304
304194,H,08005,2015,12.455,
304195,H,08041,2015,11.096,08006
304392,D,08290,2015,10.56,08193
304401,H,08017,2015,11.67,08034
304408,H,08970,2015,11.576,08950
304123,H,08017,2015,11.326,08017
304124,H,08028,2015,9.894,08028
304234,H,08005,2015,11.032,08005
304240,H,08012,2015,10.93,
303959,D,08917,2015,12.38,08911
303984,H,08940,2015,10.87,08014
303989,H,08024,2015,12.736,08024
303991,H,17002,2015,11.366,17002
303997,H,17800,2015,10.006,17800
304009,H,08918,2015,10.064,08022
304011,H,08028,2015,11.606,08021
309126,D,08028,2015,10.392,
309140,H,08017,2015,12.124,08022
309141,H,08902,2015,11.314,08902
308042,D,08917,2015,12.15,08917
308053,H,08017,2015,10.46,08017
308062,H,08036,2013,10.706,08036
308066,H,08004,2015,11.972,08001
230157,H,08023,2010,10.33,08006
231419,H,08021,2010,9.166,08017
230772,H,08391,2010,11.036,08390
227200,D,08006,2010,10.874,08006
229827,H,07730,2010,11.234,
228179,H,08980,2010,12.062,08980
226499,H,08016,2010,10.1,08031
227887,H,08014,2010,10.82,08014
227133,H,08021,2010,12.302,08022
227142,D,08006,2010,12.12,08006
228454,D,08380,2010,12.402,08380
230199,H,08360,2010,11.506,08360
229072,H,07012,2010,11.012,
227296,H,08021,2010,10.942,08006
226472,D,08017,2010,11.792,08017
227302,D,08034,2010,10.46,08017
227859,H,08830,2010,10.76,08830
227355,H,08015,2010,10.508,08008
227018,H,08005,2010,10.312,08007
227047,H,08906,2010,12.6,08901
229794,D,08021,2010,10.844,08022
228100,H,43850,2010,9.802,43002
227326,H,08500,2010,10.55,08500
227260,H,08917,2010,10.69,08912
228593,D,17600,2010,11.088,17600
227518,D,08017,2010,11.482,08017
226889,D,07840,2010,11.336,
227769,H,08022,2010,11.742,08034
226717,D,08016,2010,10.558,08030
228529,H,08014,2010,10.688,08027
228530,H,43007,2010,10.484,43120
229447,H,17002,2010,10.354,17004
229451,D,08012,2010,11.07,08006
227584,H,08187,2010,11.976,08530
227805,D,08017,2010,11.09,08034
226648,H,08014,2010,10.446,08014
228383,H,43202,2010,10.332,43206
228663,D,08029,2010,10.7,08034
228563,H,08859,2010,11.606,08850
228615,H,08328,2010,10.944,08328
227451,H,08028,2010,12.002,08017
227703,D,08037,2010,10.586,08010
227757,D,08034,2010,10.84,08034
228718,H,08330,2010,11.25,08301
232124,H,08922,2010,9.682,08030
228122,H,08001,2010,9.772,08034
229744,H,07800,2010,10.546,
227092,H,08021,2010,10.792,08034
243124,H,08017,2011,11.286,08022
228005,D,43350,2010,12.62,43330
228169,D,08035,2010,11.276,08023
246314,H,08800,2011,10.21,08800
243832,H,08022,2011,12.331,
245847,H,08022,2011,10.09,08173
243681,H,08015,2011,10.396,08007
245181,H,08028,2011,11.352,08029
245234,H,08017,2011,10.24,08017
243865,D,08035,2011,12.526,08035
245240,H,08029,2011,11.79,08017
233204,H,08007,2010,10.91,08034
243556,H,07500,2011,12.03,
245213,H,08025,2011,10.314,08025
246015,H,08036,2011,11.106,08008
243748,H,08029,2010,10.374,08036
246361,D,08330,2011,11.672,08917
244971,D,08830,2011,11.318,08902
244596,H,43205,2011,11.012,43205
244456,H,43800,2011,10.972,43800
245843,D,08320,2011,10.082,08320
244235,H,43205,2011,12.33,43205
245070,H,08769,2011,12.548,08760
232379,H,25700,2010,9.678,25700
232679,D,08302,2010,10.91,08304
243142,H,08006,2011,12.602,
232933,H,08034,2010,10.846,08021
232338,H,08800,2010,9.634,08800
232356,H,43206,2010,9.768,43120
246748,H,07014,2011,12.052,
246767,H,08035,2011,10.638,08035
246465,D,08770,2011,9.818,08770
246800,H,11405,2011,12.432,
246718,H,08036,2010,9.78,08029
247256,H,08027,2010,11.3,08027
246730,H,08024,2011,10.87,08024
246899,D,17003,2010,12.642,17004
244738,H,07141,2010,9.948,
244746,H,08173,2011,10.178,08017
244262,H,43500,2011,10.264,43500
246155,H,08029,2011,9.72,08017
246236,H,08980,2011,11.86,08980
245360,H,08034,2011,10.358,08034
245034,H,08022,2011,9.878,08022
245365,H,08014,2011,10.194,08014
245368,H,08290,2011,9.964,08034
245374,H,08006,2011,11.486,08034
245643,H,08008,2011,10.026,08008
243979,H,17300,2011,10.894,17300
244867,D,08015,2011,10.854,08031
246113,D,08330,2011,10.522,08330
244868,D,08031,2011,11.628,08031
246091,H,08195,2011,10.76,08017
245447,H,08017,2011,10.08,08017
245932,D,08940,2011,11.88,08950
245605,H,08028,2011,12.672,08017
244109,H,43500,2011,11.826,43500
244115,H,25005,2011,9.732,25005
245393,H,08757,2011,9.876,08757
245406,D,08034,2011,11.458,08022
245568,H,08024,2011,9.874,08024
244648,H,08903,2011,12.624,08902
244651,H,25700,2011,10.016,25700
244005,H,17480,2011,11.37,17480
245476,D,08301,2011,12.106,08301
244060,H,08520,2011,12.13,08401
245638,D,08010,2011,12.982,08037
245639,D,08013,2011,11.592,08037
252429,H,08011,2011,9.556,08006
254784,H,08905,2010,9.412,08906
261747,D,08640,2012,11.004,08640
249938,H,08402,2011,9.62,08401
261710,H,22520,2012,11.851,
261082,H,07006,2012,10.474,
250576,H,08023,2011,9.71,08034
250255,H,25600,2011,9.666,25600
250977,H,08830,2011,10.388,08830
250824,D,17300,2011,9.26,17003
250068,H,08700,2011,9.638,08700
261004,H,08197,2012,10.94,08174
259986,H,08182,2012,11.892,08140
261499,D,08028,2012,11.698,08902
261512,D,25530,2012,10.988,25530
258501,H,08022,2012,11.72,
260479,H,08392,2012,11.21,08302
258275,H,08757,2012,11.884,08950
258366,H,08029,2012,11.686,08017
261627,H,08912,2012,10.868,08915
258214,H,08690,2012,12.52,08830
258315,H,08022,2012,11.85,08022
259234,H,08912,2012,12.584,08912
259738,D,08172,2011,11.186,08034
259309,H,08014,2012,10.908,08014
258927,H,07007,2012,11.906,
259387,H,08358,2012,11.168,08358
262016,H,07760,2012,11.346,
261106,H,08394,2012,11.89,08302
261287,H,08500,2012,10.996,08500
261141,H,08301,2012,11.562,08302
261259,H,08035,2012,11.946,08035
265152,H,08553,2012,10.434,08500
258729,H,08015,2012,12.306,08007
258792,D,08015,2012,11.178,08017
260264,H,08173,2012,10.656,08034
258145,H,08340,2012,13.082,08340
258563,D,08370,2012,11.976,08370
258159,H,08021,2012,12.014,08173
260087,H,08025,2012,10.882,08009
260731,H,17480,2012,11.302,17480
260016,H,08720,2012,10.714,08720
260178,H,08195,2012,12.1,08197
258999,D,08022,2012,11.58,08022
258626,D,08022,2012,11.444,08034
260666,H,17800,2012,12.226,17800
259554,D,08006,2012,10.826,08006
260455,H,08191,2012,11.554,08191
260363,H,08440,2012,11.384,08440
260700,H,08310,2012,11.258,08301
260056,H,43007,2012,12.86,43003
258665,H,08195,2012,12.526,08195
275054,H,08023,2013,11.246,08034
274401,H,08917,2013,10.554,08911
274252,H,08017,2013,12.396,08173
263243,H,08023,2012,10.51,
274589,H,07002,2012,9.336,
274597,H,08739,2013,11.778,08770
274602,H,08330,2013,12.368,08302
274904,H,43007,2013,12.438,43003
265098,D,08017,2012,12.055,
274407,H,08921,2013,12.776,08911
276760,H,08516,2013,12.802,08513
276382,D,08023,2013,10.754,08022
276102,D,08022,2013,11.602,08022
276848,H,08970,2013,12.228,08980
275244,H,08026,2013,10.44,08010
275345,H,08328,2013,10.75,08328
275347,H,07800,2013,10.224,
276039,H,07820,2013,11.284,08022
275958,H,08029,2013,10.98,08017
276697,H,08750,2013,11.084,08950
275974,H,08017,2013,12.698,08173
276910,D,08293,2013,11.9,08034
275739,H,43001,2013,12.104,43005
275208,H,07011,2013,9.936,
275411,D,08022,2013,11.408,08193
276511,D,08028,2013,12.542,08022
274358,H,08034,2013,10.438,08034
274548,H,08023,2013,11.976,08034
274570,H,08020,2013,11.604,08027
274485,H,08320,2013,12.094,08302
275726,D,08021,2013,11.338,08034
274770,D,08012,2013,12.19,
274779,H,07010,2013,11.04,
274852,H,43201,2013,13.32,43120
274066,H,08551,2013,10.678,08500
275117,D,08005,2013,12.036,08023
274511,H,08640,2013,12.99,08640
274512,H,08173,2013,10.368,08021
274317,H,08006,2013,11.748,08173
277875,D,00000,2013,11.314,
277881,H,08020,2013,11.246,08020
277373,H,25007,2013,12.894,25008
280244,H,08860,2013,9.926,08870
277422,H,08242,2013,11.582,08241
277744,H,08014,2013,10.454,08015
276205,H,07004,2013,12.346,
276418,H,08031,2013,9.976,08034
280248,H,08028,2013,9.866,08034
277404,H,08034,2013,11.74,08034
276343,H,07820,2013,10.434,
275603,H,08015,2013,11.584,08014
277998,H,08005,2013,10.586,08034
278080,H,17742,2013,12.1,17600
278030,D,08004,2013,9.976,08014
278056,H,08770,2013,11.45,08770
277896,D,08790,2013,11.304,08790
277531,H,08017,2013,11.02,08017
277825,H,08022,2013,11.442,08022
278209,H,08028,2013,9.942,08034
276993,H,08023,2013,12.006,08035
292501,H,08011,2014,9.388,08009
289288,D,08870,2014,11.42,08870
289292,H,08006,2014,11.25,08034
289296,H,08173,2014,9.734,08034
289247,H,08570,2014,11.374,08570
289248,H,43820,2014,9.918,08870
289251,D,08173,2014,11.506,08193
289258,H,17412,2013,12.348,08034
289309,H,08173,2014,11.02,08034
289323,H,08014,2014,11.524,08034
289330,H,08960,2014,10.483,
289185,H,08349,2014,10.986,08302
289189,H,17500,2014,12.444,17500
289097,H,08328,2014,10.462,08328
289024,H,08401,2014,13.156,08520
289025,H,08023,2012,9.142,08022
289106,D,08290,2014,13.062,08034
289130,H,08970,2014,12.15,
289030,H,08012,2014,11,08025
289402,H,17002,2014,9.75,17005
289409,H,08015,2012,10.106,08014
289133,H,08830,2014,10.002,08830
289136,H,08172,2014,12.976,08173
289140,H,08940,2014,10.296,08906
289047,H,08009,2014,10.006,08009
289050,H,08197,2013,12.896,08173
289218,H,08338,2014,10.764,08320
289072,H,08006,2014,12.378,08036
289076,D,08027,2014,10.436,08030
289091,D,08980,2014,11.606,08980
289375,H,08028,2014,10.738,08017
289269,H,08241,2014,9.612,08240
288958,H,07012,2014,10.794,
289351,H,08871,2014,11.072,08034
289361,D,08034,2014,11.69,08193
289362,H,08023,2014,11.45,08022
289366,H,08340,2014,12.982,08302
294142,H,08191,2014,11.248,08173
304327,H,08340,2015,11.514,08340
304332,H,08392,2015,11.622,08392
304161,H,08820,2015,11.214,08021
304019,H,08172,2015,9.858,08034
304020,H,08006,2015,12.742,08022
304288,H,43840,2015,11.942,43840
304302,H,08034,2015,12.3,08034
304317,D,08034,2015,10.318,08017
304318,H,08023,2015,12.958,08006
304028,H,08034,2015,11.424,08034
304036,H,08029,2015,10.15,08029
304066,H,08840,2015,10.85,08840
304259,H,08301,2015,12.06,08302
304263,D,08034,2015,13.166,08034
304336,H,25004,2015,10.89,25110
304346,D,08018,2015,11.18,08009
304076,H,08930,2015,11.934,08003
304078,D,08490,2015,12.374,17003
304091,H,43850,2015,12.596,43120
304109,H,08980,2015,12.118,08980
304279,H,08032,2015,9.82,08032
304110,H,08340,2015,10.694,08302
304117,H,08006,2015,9.623,
304198,H,08820,2015,11.072,08017
304212,H,08034,2015,9.746,08017
304216,H,08005,2015,10.642,08005
304382,H,08860,2015,12.578,08860
304384,H,43800,2015,12.71,43800
304395,H,08870,2015,11.524,08870
304404,H,17310,2015,9.846,17310
304122,H,25300,2015,12.198,25300
304125,H,08021,2015,11.278,08022
304137,H,08018,2015,10.01,08027
304141,H,08960,2015,10.374,08950
304147,H,08029,2015,10.886,08029
304154,H,07730,2015,11.76,
304155,H,25004,2015,11.288,25110
303961,H,08480,2015,10.314,08530
303967,H,08173,2015,9.624,08173
303969,H,08907,2015,11.544,08907
303970,H,08739,2015,13.42,08770
303972,D,08022,2015,12.276,08022
303976,H,08034,2015,11.22,08017
303987,H,08013,2015,12.434,08013
303993,H,43580,2015,9.666,43500
303994,H,43007,2015,12.276,43003
304010,H,07014,2015,11.806,
309127,H,25334,2015,10.276,25337
309134,H,08339,2015,10.178,08304
309148,D,08328,2015,10.048,08320
308061,H,08461,2015,10.518,08440
231199,H,25002,2010,11.33,25002
231202,H,08005,2010,10.538,08029
230356,H,08911,2010,11.666,08390
227123,H,08006,2010,10.618,08021
227215,H,08391,2010,10.218,08912
228324,H,17111,2010,9.852,17257
230005,H,08022,2010,10.768,08022
226994,H,08950,2010,10.568,08906
227125,H,08009,2010,10.134,08021
227128,H,08023,2010,10.008,08022
227129,H,08036,2010,9.894,08022
227979,H,08720,2010,9.846,08720
228048,H,17003,2010,10.632,17003
229137,H,08022,2010,12.167,
227823,H,08901,2010,9.988,08907
228971,D,99999,2010,10.33,
227908,H,08189,2010,10.888,08140
228055,H,08320,2010,9.782,08390
228227,H,08020,2010,10.484,08019
227289,D,08032,2010,10.204,08035
227300,H,08195,2010,11.544,08017
228921,D,08960,2010,13.238,08034
229011,H,07560,2010,10.86,
229808,H,07012,2010,12.204,
228096,D,08415,2010,9.824,08520
228245,H,08970,2010,10.026,08970
228246,H,08029,2010,11.048,08960
228432,H,08301,2010,10.412,08304
228745,H,07760,2010,9.938,
230933,H,43500,2010,10.438,43500
230939,H,08922,2010,10.904,08030
228497,H,08243,2010,11.296,08240
227654,H,08034,2010,10.018,08008
226685,H,08911,2010,11.19,08912
226687,H,08022,2010,10.012,08017
227765,H,08034,2010,12.822,08034
227738,H,08459,2010,11.256,08440
228371,H,08759,2010,11.598,08950
227591,H,08009,2010,10.278,08010
227791,H,08036,2010,10.716,08036
227601,H,08029,2010,11.616,08029
230843,H,08041,2010,10.92,08017
228372,H,08950,2010,11.234,08950
228536,H,43206,2010,9.982,43205
228537,H,43206,2010,11.83,43205
227475,H,08022,2012,13.13,08017
227609,D,08028,2010,10.496,08029
229890,H,25518,2010,12.042,25500
228556,H,08034,2010,10.872,08034
228571,H,08034,2010,11.018,08173
228476,H,08100,2010,9.936,08100
227447,D,08172,2010,10.422,08017
227701,H,08009,2010,11.868,08010
233021,H,08021,2010,10.792,08022
232054,H,08017,2010,9.61,08195
227236,D,35500,2010,10.848,
227082,H,08140,2010,11.008,08140
228154,D,17469,2010,11.82,17486
228158,H,17800,2010,10.032,17800
229314,D,08290,2010,11.51,08290
226950,H,08190,2010,11.842,08017
228006,D,43330,2010,10.002,43330
245314,D,08013,2011,11.866,08017
243776,H,07730,2011,12.136,
244194,D,43400,2011,11.752,43400
232499,H,08017,2010,10.838,08017
246343,H,08902,2011,10.664,08907
244343,H,43893,2011,9.81,43002
245221,H,08023,2011,12.25,08035
245214,H,08025,2011,10.274,08025
244972,D,08014,2011,10.816,08023
244974,H,08201,2011,9.882,08205
245878,H,08023,2011,11.517,
245811,D,08551,2011,11.336,08500
245812,H,08504,2011,10.12,08500
243702,D,43740,2011,10.616,43740
244458,H,25214,2011,9.736,25200
246396,H,08500,2011,9.814,08500
246397,H,08777,2011,9.972,08720
244985,D,25300,2011,10.932,25300
244236,H,43206,2011,11.4,43205
243538,H,08041,2011,10.036,
246298,D,08330,2011,10.636,08302
243136,H,08970,2011,10.052,08034
232636,H,08901,2010,10.812,08902
231745,H,08013,2010,10.914,08009
246818,H,08338,2011,10.122,08338
246416,H,17772,2011,11.258,17600
244032,H,17744,2011,12.466,17600
244090,H,17310,2011,10.462,17310
244095,D,08629,2011,10.55,08906
245370,H,08027,2011,10.592,08034
245648,H,08017,2011,11.518,08034
245665,H,08004,2011,9.934,08025
243442,D,08320,2010,10.388,08328
244140,H,08015,2011,9.918,08029
244150,H,43007,2011,11.394,43003
244702,H,08015,2011,9.968,08021
245453,D,08022,2011,11.324,08022
245462,D,08013,2011,11.698,08009
245395,H,08022,2011,11.266,08034
245564,H,08029,2011,12.524,08007
245407,D,08021,2011,10.13,08022
244049,H,43850,2011,11.6,43120
245621,D,08017,2011,12.188,08193
244119,D,25182,2011,9.726,25002
245637,H,08021,2011,10.004,08034
252402,H,08840,2013,9.568,08850
261773,H,08034,2012,12.032,08173
261781,D,08960,2012,10.746,08950
261797,H,43500,2012,11.02,43500
261800,D,08017,2012,11.602,08034
250393,H,08025,2011,9.715,
250343,H,08013,2011,9.662,08036
250039,H,08192,2011,9.712,08173
259108,D,08023,2012,11.306,08193
259430,D,08320,2012,11.932,08320
259196,H,08025,2012,10.876,08025
259039,D,08173,2012,11.458,08193
259794,D,08006,2012,12.65,08021
259723,H,08029,2012,11.824,08021
258208,H,08242,2012,10.496,08243
259078,D,08036,2012,12.256,08029
261637,H,08006,2012,11.38,08021
261645,H,08600,2012,11.904,08600
259894,D,08027,2011,12.502,08031
259933,D,08183,2012,10.612,08180
259341,H,08022,2012,12.584,08034
259366,D,08028,2011,11.382,08014
260592,H,08750,2012,10.75,08750
261563,H,08015,2012,11.15,08015
261166,H,08024,2012,11.898,08024
261175,D,08028,2012,11.744,08017
261206,H,08960,2012,11.476,08034
261879,D,08504,2012,11.696,08500
261943,H,08034,2012,11.034,08034
261984,H,08397,2012,10.646,08397
261475,D,25198,2012,11.032,25111
259914,D,08011,2012,11.518,08029
261863,D,08202,2012,11.948,08193
261146,H,08635,2012,11.554,08635
261151,H,08195,2012,11.578,08021
261154,D,08242,2012,11.38,08240
260460,H,08860,2012,10.938,08850
262049,D,08006,2012,11.014,08006
265194,D,08901,2012,11.602,08901
264669,H,08206,2012,11.38,08202
264411,D,08420,2012,10.51,08400
264455,H,08005,2012,10.452,08010
260256,H,43202,2012,10.824,43205
260267,D,08009,2012,10.502,08017
259590,H,17406,2012,12.286,08500
259602,H,08022,2012,10.87,08021
259441,D,08006,2012,11.878,08006
258610,H,08029,2012,10.668,08029
258620,H,08015,2012,12.632,08001
258754,D,08034,2012,11.24,08017
260026,D,08195,2013,11.308,08017
260421,H,08022,2012,11.652,08017
260660,H,08906,2012,10.69,08950
259479,D,08034,2012,11.272,08034
260836,H,08022,2012,12.54,08034
258846,H,08458,2012,11.116,08440
258960,D,08440,2012,10.75,08440
260689,H,17820,2012,11.264,17820
260040,D,08392,2012,10.78,08392
274698,H,43813,2013,12.178,43800
262953,H,08173,2012,11.652,08034
274258,H,08030,2013,11.756,08016
263340,H,08902,2012,10.972,08014
274594,H,08922,2013,13.232,08911
275001,H,08860,2013,11.468,08027
262855,H,08904,2012,11.464,08017
262695,H,08769,2012,11.858,08760
262874,D,08906,2012,10.536,08905
264128,D,43740,2012,10.418,43740
265010,H,08005,2012,11.536,08005
262794,H,08030,2012,10.954,08016
264150,H,08029,2012,12.138,
276774,H,AD200,2013,10.37,
276898,H,07003,2013,10.854,
275937,H,08005,2013,10.352,08005
275943,H,08242,2013,11.412,08243
276033,H,08860,2013,10.664,08860
276607,D,25700,2013,11.096,25700
275270,H,08028,2013,10.996,08017
276117,H,08030,2013,12.196,08030
275748,H,08022,2013,10.26,08017
275195,D,08015,2012,10.772,08015
275225,H,08970,2013,11.506,08017
275382,H,43530,2013,10.364,43530
275286,H,08340,2013,12.114,08340
276945,D,08005,2013,11.38,08010
275509,D,08029,2013,13.316,08022
274538,H,08030,2013,10.316,08030
274118,H,43892,2013,9.97,43120
274555,D,08006,2013,10.888,08021
274665,H,08023,2013,11.488,08034
276472,D,07003,2013,13.314,
276139,H,08017,2013,11.46,08017
276547,D,08021,2013,12.742,08034
274206,D,08173,2013,12.916,08174
274785,H,08840,2014,10.73,
274090,H,08028,2013,11.55,08034
274325,H,08028,2013,11.418,08028
274519,D,08700,2013,12.06,08719
275498,H,25280,2013,12.018,08930
277867,H,08011,2014,10.098,08036
280242,D,08035,2013,9.862,08021
277466,H,08020,2011,10.646,08027
277029,H,08006,2013,10.476,08012
281603,H,08500,2013,10.118,08500
276400,H,08173,2013,10.926,08034
277409,D,08172,2013,11.476,08034
275616,H,17600,2013,10.728,17600
279502,H,07817,2013,10.698,
278148,H,08186,2013,11.59,08186
278169,H,08022,2013,10.756,08017
278251,D,08029,2013,12.642,08036
278254,H,08012,2013,11.18,08010
278256,H,08034,2013,10.644,08034
277097,H,08029,2013,11.18,08017
278094,H,22487,2013,11.326,25520
278104,H,08030,2013,11.208,08030
277507,H,08800,2013,12.126,08800
277691,D,08025,2013,12.316,08006
277597,H,25200,2013,11.918,25200
279203,H,08758,2013,9.996,08034
279397,D,43746,2013,10.552,43740
279268,H,08034,2013,10.39,
277146,H,08017,2013,10.608,08034
276991,D,43892,2013,11.412,43890
276999,H,43201,2013,10.44,43120
292904,H,17180,2014,10.254,17006
292908,H,08021,2014,12.14,
292911,H,46780,2014,13.066,
292912,H,08173,2014,12.646,08034
292932,H,08350,2014,11.752,08350
289416,D,08017,2014,10.562,08017
289278,D,08025,2014,11.78,08025
289291,H,00000,2014,11,
289298,H,17244,2014,10.65,17244
289301,D,08017,2014,12.286,08034
289152,H,08029,2014,11.934,08034
289171,H,08320,2014,11.276,08302
289313,H,08021,2014,10.708,08034
289328,H,08185,2014,10.486,08187
288998,H,08980,2014,9.762,08980
289002,H,08006,2014,10.136,08006
289103,D,12310,2014,11.56,
289010,H,08022,2014,9.886,08034
289023,H,08915,2014,10.332,08911
289027,H,17480,2014,10.87,17480
289107,H,08025,2014,11.236,08025
289112,H,43002,2014,11.316,43007
289114,D,07800,2014,11.784,
289119,H,08021,2014,10.204,08017
289121,D,08017,2014,12.436,08022
289124,H,08032,2014,9.8,08034
289126,H,17400,2014,11.722,17450
289034,H,08902,2014,9.594,08902
289404,D,08172,2014,12.648,08034
289131,H,08020,2014,11.99,08930
289134,D,08007,2014,10.822,08034
289048,D,08960,2014,10.992,08980
289051,H,17004,2014,10.51,17002
289054,H,43007,2014,10.756,43003
289215,H,08924,2014,11.758,08911
289216,H,08024,2014,12.714,08032
289229,H,08022,2014,10.272,08034
289240,D,08028,2014,12.266,08034
289062,H,08023,2014,10.386,08034
289077,H,08282,2014,10.878,08719
289085,H,08012,2014,10.376,08017
289090,H,07820,2014,13.188,
289264,D,08731,2014,10.73,08720
288961,H,17003,2014,12.47,17003
289336,H,17800,2014,11.936,17800
289337,H,08036,2014,11.806,08036
289347,H,08023,2014,10.67,08034
289356,H,08023,2015,10.184,08022
289370,H,08397,2014,11.06,08397
288974,H,08028,2014,10.11,
289382,H,08001,2014,11.594,08034
289386,H,08022,2014,10.124,08017
289395,H,08025,2014,11.05,08025
289211,H,08918,2014,12.732,08930
294146,H,17160,2014,10.896,17160
304048,H,08035,2015,11.154,08035
304051,H,08338,2015,12.374,08330
304325,H,08005,2015,10.714,08005
304164,H,08015,2015,9.758,08034
304021,H,08310,2015,11.384,08310
304287,H,08330,2015,9.696,08338
304305,H,08503,2015,10.458,08500
304307,H,08029,2015,13.072,08029
304314,D,08552,2015,11.318,08552
304039,H,08560,2015,11.842,08560
304046,H,43391,2015,11.186,43206
304059,H,08915,2015,12.822,08912
304065,D,08015,2015,10.458,
304249,H,43850,2015,12.22,43840
304265,H,25003,2015,13.032,25111
304266,H,07014,2015,13.284,
304353,H,17800,2015,10.7,17800
304357,H,08031,2015,9.7,08027
304074,H,08830,2015,10.846,08830
304088,D,08038,2015,10.128,08902
304094,H,08022,2015,11.006,08022
304096,D,25002,2015,12.326,25193
304105,H,08012,2015,11.892,08034
304172,D,08401,2015,11.324,08401
304373,H,08023,2015,9.932,08035
304375,H,08022,2015,10.188,08022
304376,H,08029,2015,10.546,08950
304199,H,08830,2015,12.712,08830
304200,H,08290,2015,12.01,08034
304206,D,08014,2015,12.282,08014
304208,H,08251,2015,9.79,08930
304210,D,08173,2015,12.14,08017
304218,H,08029,2015,11.102,08029
304219,H,43700,2015,12.094,43700
304223,D,08014,2015,11.692,08023
304407,H,43202,2015,9.656,43205
304128,H,08907,2015,11.666,08907
304130,H,07200,2015,11.658,
304133,H,08391,2015,12.024,08916
304134,H,08025,2015,12.538,08025
304139,H,08001,2016,10.974,08001
304237,H,08025,2015,9.708,08013
304238,D,25300,2015,13.018,25300
304239,D,43881,2015,10.02,43881
303962,H,08506,2015,11.226,08500
303966,H,08035,2015,9.798,08017
303998,H,08024,2015,11.601,
304012,H,08203,2015,11.254,08202
309131,D,08192,2015,10.558,08193
309139,D,08011,2015,12.15,08029
308049,H,08028,2015,11.338,
308051,H,08172,2015,12.4,
230666,H,08034,2010,11.982,08034
230302,H,08450,2010,11.572,08440
230159,D,08860,2010,10.146,08860
231441,D,07320,2010,9.166,
231371,H,08032,2010,11.224,08035
228268,H,25210,2010,10.996,25210
227958,H,08860,2010,12.89,08850
229121,H,08021,2010,10.31,
226431,H,07703,2010,11.796,
227825,H,08907,2010,9.954,08907
227994,D,17500,2010,9.844,17500
228063,H,08635,2010,11.02,08640
227290,D,08006,2010,9.812,08006
226467,H,08036,2010,11.686,08023
229211,H,08009,2010,9.92,08023
227351,H,08029,2010,12.396,08036
227365,H,08912,2010,12.694,08912
227040,D,08001,2010,10.52,08001
227045,H,08901,2011,10.334,08901
228091,H,08700,2010,10.998,08700
228099,H,43340,2010,10.874,43002
227320,H,08912,2010,10.706,08912
227328,H,08512,2010,12.328,08500
227261,D,08006,2010,11.66,08034
229248,H,08870,2010,10.59,08034
228027,H,08759,2010,10.826,08759
228581,H,08849,2010,12.936,08830
226680,D,08041,2010,12.624,08022
226684,H,08458,2010,10.186,08401
227728,H,08800,2010,10.958,08800
227737,H,08188,2010,10.43,08440
230805,H,08173,2010,10.828,08017
227744,H,08017,2010,12.43,08022
228533,H,43840,2010,11.38,43120
228535,D,43202,2010,11.98,43205
227786,H,08195,2010,10.17,08195
227457,H,08901,2010,9.998,08907
227588,H,08940,2010,12.04,08017
227807,D,08037,2010,12.352,08034
227814,H,08015,2010,10.076,08902
227475,H,08022,2010,13.13,08017
227480,H,08017,2010,12.114,08017
227816,H,08907,2010,12.924,08906
227620,H,08023,2010,10.014,08006
227409,D,08349,2010,10.904,08017
227433,D,17530,2010,12.316,08500
227436,H,08507,2010,11.484,08500
230210,H,08640,2010,10.402,08640
227505,H,08940,2010,11.298,08902
228623,D,43206,2010,11.404,43110
228629,D,08030,2010,12.444,08030
227755,D,08015,2010,11.096,08034
228736,H,08310,2010,9.78,08310
243200,H,08027,2010,10.578,08027
228880,H,08026,2010,10.118,08025
229736,D,08006,2010,11.292,08006
227094,D,08028,2010,12.048,08034
228162,H,17800,2010,12.336,17800
243049,H,08032,2010,10.074,08032
243368,H,20008,2011,12.246,
245150,H,08302,2011,10.74,08304
243768,H,07814,2011,10.28,
245768,H,43882,2011,10.46,08770
245084,H,08024,2011,10.436,08024
244408,H,08401,2011,12.394,08400
243863,H,08028,2011,10.306,
232772,H,08110,2010,10.724,08110
244203,H,17500,2011,12.572,17500
245796,H,08302,2011,11.04,08302
244364,H,43203,2011,10.438,43206
245731,H,08015,2011,10.796,08036
244379,H,43392,2011,12.044,43120
244300,H,08330,2011,10.93,08330
246057,H,25740,2011,10.356,08243
243543,H,99999,2011,10.439,
245132,H,08017,2011,10.78,08017
245137,H,08006,2011,10.1,08017
245074,H,08034,2011,11.924,08034
232677,H,08028,2010,11.764,08034
232234,H,08006,2010,9.688,08022
246514,H,08028,2011,10.994,08034
246733,H,43510,2011,10.678,43500
245335,H,08029,2011,11.84,08022
244937,H,08024,2011,11.144,08025
246156,H,08201,2011,10,08017
246007,H,08302,2011,11.862,08304
244848,H,25790,2011,11.39,25280
245369,H,08173,2011,11.106,08034
245378,H,08370,2011,10.37,08370
245520,D,08017,2011,11.446,08034
244705,H,08970,2011,11.85,08021
245440,H,08013,2011,10.272,08012
246104,H,08800,2011,10.93,08800
245676,D,08017,2011,11.96,08034
245451,H,08023,2011,10.93,08022
245601,H,08003,2011,10.64,08010
245603,H,08036,2011,9.732,08010
243454,H,08017,2011,10.918,08173
245408,D,08030,2011,11.136,08030
244117,D,43392,2011,10.058,43205
247121,D,44570,2011,11.818,
248927,H,08029,2011,10.344,08036
261078,H,08950,2012,11.042,08950
248887,H,08402,2011,10.288,08023
248890,D,07013,2011,9.99,
250437,H,08140,2011,9.658,08181
248965,H,08034,2011,10.878,08034
261779,H,08901,2012,10.472,08901
261788,D,08950,2012,11.332,08017
261789,H,08025,2012,12.73,08007
261795,D,08950,2012,10.542,08950
248715,H,08329,2011,10.148,08302
261729,H,08901,2012,11.416,08907
250259,D,08032,2011,9.658,08041
248547,D,08034,2011,11.02,08034
250998,H,08203,2011,10.548,08204
248456,D,08770,2011,10.98,08770
248431,D,17320,2011,11.116,17320
261015,H,08019,2012,11.36,08027
260767,H,17527,2012,11.03,17520
260549,H,17300,2012,12.45,17300
258256,H,08206,2012,11.31,08202
259044,H,08700,2012,11.356,08700
259211,H,08820,2012,10.522,08907
259137,H,08017,2012,12.845,
259217,D,43500,2012,13.192,43500
260932,H,43004,2012,12.4,43002
258377,H,08700,2012,11.472,08700
261541,D,08017,2012,10.906,08034
258474,D,08870,2012,11.18,08770
258408,D,08980,2012,11.372,08980
259342,H,50012,2012,12.135,
259904,H,08500,2010,11.342,08500
259698,H,08591,2012,11.618,08500
259851,H,08034,2012,12.046,08034
259189,H,08041,2012,12.514,08009
258424,D,08028,2012,10.69,08017
261161,H,08980,2012,12.054,08980
261883,D,08030,2012,11.376,08016
261439,H,08021,2012,10.884,08034
261219,H,08029,2012,12.508,08029
261858,H,25110,2012,11.114,25111
261397,H,08037,2012,12.002,
259015,H,08700,2012,11.754,08700
265159,H,43850,2012,10.45,43850
264796,D,43007,2012,10.384,43005
264725,D,08757,2012,11.608,08757
259997,H,08031,2012,10.526,08902
260095,D,08034,2012,10.78,08023
260096,H,08017,2012,11.922,08017
258169,H,22572,2012,11.332,25008
258173,H,08380,2012,10.876,08380
258174,D,08589,2012,11.05,08500
260033,H,08320,2012,11.298,08320
260173,H,08330,2012,11.194,08302
259485,D,08021,2012,10.884,08017
260330,D,08860,2012,10.552,08017
260697,H,08870,2012,11.402,08870
260038,H,08570,2012,10.908,08500
274402,H,08036,2012,9.968,08006
275153,D,08029,2013,11.106,08029
262951,D,08757,2012,11.532,08757
263243,H,08023,2011,10.86,
274985,H,08130,2013,10.548,08130
275008,H,08901,2013,10.968,08901
264976,H,07010,2012,10.398,
262803,H,08005,2012,11.744,08005
262806,D,43500,2013,10.406,43500
276164,H,08022,2013,10.97,08017
276166,H,43500,2013,10.966,43500
276167,H,08019,2013,11.596,08009
276021,H,08022,2013,10.8,08017
276026,D,08006,2013,10.6,08022
276179,H,08906,2014,10.522,08901
276179,H,08906,2013,10.522,08901
276198,H,08006,2013,11.88,08006
276239,H,25002,2013,11.276,25111
276613,D,08790,2013,12.952,08004
275659,H,08026,2013,11.712,08009
276642,H,08025,2013,11.006,08036
276359,H,99999,2013,10.48,
276085,H,08330,2013,10.362,08302
276524,H,08185,2013,10.96,08186
274355,D,08013,2013,12.594,08032
274715,H,08028,2012,10.074,08028
276475,D,08030,2013,10.73,08030
275097,H,08193,2013,11.088,08034
274855,H,08901,2013,11.268,08901
273909,H,08022,2012,10.468,08035
276857,H,08010,2013,11.668,08007
274802,H,07570,2013,12.814,
274810,D,07670,2013,12.002,
273964,D,08010,2013,12.326,08034
280213,D,25005,2013,11.706,25005
280216,H,07210,2013,10.52,
280241,D,08008,2013,10.476,08034
277047,H,08635,2013,11.41,08635
277754,H,08025,2013,10.996,08025
276330,H,08017,2013,10.7,08017
276343,H,07820,2015,10.434,
275597,H,43890,2013,12.006,43890
278305,H,08022,2013,11.762,08022
276248,H,35017,2013,9.973,
275604,D,17800,2013,10.118,17800
275689,H,08500,2013,10.098,08500
277993,H,25730,2013,11.088,25730
277334,H,08023,2013,11.794,08006
277510,D,08006,2013,10.984,08034
277019,H,08912,2013,12.982,08912
278961,H,08830,2013,10.764,08830
278974,H,08440,2013,10.802,08440
292929,H,08021,2014,12.816,08173
289146,H,08029,2014,10.218,08021
289300,D,08034,2014,12.17,08022
289162,H,07004,2014,11.776,
289164,D,08009,2014,10.252,08022
289166,H,08500,2014,10.352,08500
289254,H,08029,2014,11.26,
289169,H,43850,2014,10.548,43850
289174,D,08036,2014,11.042,08036
289324,H,08024,2014,11.372,08024
289326,H,08021,2014,11.858,08021
289329,D,08190,2014,10.772,08193
289331,H,08029,2014,11.416,08029
288984,D,08192,2014,11.4,08193
288987,H,43007,2014,11.778,43007
288989,D,08023,2014,9.516,08006
288991,H,25002,2014,11.7,25002
288994,H,17200,2014,12.54,17230
289004,D,08022,2014,9.936,08022
289191,D,01007,2014,11.544,
289202,H,08391,2014,10.668,08912
289203,H,07010,2014,10.966,
289104,D,20009,2014,11.258,
289007,D,08006,2014,10.48,08022
289011,H,08023,2014,10.79,08006
289013,H,08917,2014,10.904,08912
289015,D,07011,2014,10.098,
289019,H,25716,2014,11.064,08695
289111,H,08301,2014,11.102,08302
289411,H,43204,2014,11.89,43205
289132,H,08173,2014,10.744,08172
289142,D,08022,2014,11.862,08022
289046,H,08830,2014,12.446,08830
289050,H,08197,2014,12.896,08173
289225,D,08021,2014,11.946,08022
289228,H,08960,2014,9.528,08960
289063,H,08913,2014,10.422,08930
289067,H,08006,2014,11.788,08022
289074,H,25500,2014,10.504,08960
289089,H,08870,2014,9.84,08870
289377,H,43201,2014,9.862,43206
289344,H,08026,2014,10.358,08009
289354,H,08036,2014,10.078,08017
289360,D,08028,2014,11.858,08028
289367,H,08028,2014,11.988,08034
289205,H,08530,2014,10.826,08530
288963,H,08519,2014,10.374,08500
288965,H,08024,2014,10.542,08034
288969,H,25110,2014,12.276,25002
288970,H,25006,2014,10.676,25003
288971,H,08980,2014,10.234,08034
289276,H,08304,2014,12.666,08301
288977,H,08023,2014,11.262,08022
289385,H,08027,2014,10.572,08030
294156,H,08019,2014,11.994,08916
294158,H,07005,2014,10.822,
304156,H,08028,2015,12.276,
304166,H,08021,2015,10.076,08017
304167,H,08850,2015,11.146,08850
304168,D,08005,2015,12.204,08034
304169,H,08570,2015,11.132,08570
304285,H,17600,2015,10.246,17600
304286,H,08035,2015,10.902,08035
304013,D,08029,2015,11.638,08017
304015,H,08940,2015,10.212,08940
304297,H,08024,2015,10.124,08024
304304,H,08302,2015,13.356,08303
304320,D,08290,2015,11.998,08193
304022,D,17003,2015,12.516,17003
304031,H,08186,2015,12.472,08187
304035,H,08024,2015,10.972,08034
304047,H,08700,2015,11.21,08700
308057,H,08038,2015,12.294,08014
304064,D,08028,2015,12.354,08902
304069,H,08840,2015,10.918,08840
304256,H,17860,2015,10.106,17500
304268,H,08037,2015,12.65,08009
304272,H,25008,2015,12.894,25111
304278,H,08759,2015,10.254,08034
304339,H,08012,2015,11.698,08006
304354,H,08015,2015,12.464,08021
304355,H,08911,2015,10.668,08911
304359,H,08015,2015,10.578,08015
304083,H,08017,2015,11.4,08017
304176,H,08195,2015,9.8,08021
304178,H,08790,2015,11.552,08770
304180,H,08551,2015,10.22,08551
304181,H,25520,2015,9.936,25520
304367,H,08197,2015,11.452,08021
304368,H,20013,2015,10.21,
304374,H,08016,2015,9.772,08030
304111,H,08635,2015,9.66,08635
304116,D,08173,2015,11.086,08034
304207,H,07460,2015,11.558,
304222,D,20018,2015,10.964,
304224,H,08850,2015,11.945,08850
304385,H,08960,2015,9.856,08950
304387,H,08005,2015,11.796,
304388,H,08700,2015,12.048,08700
304399,H,08025,2015,9.87,08025
304403,H,25100,2015,10.038,25100
304406,H,08018,2015,10.79,43840
304121,H,25241,2013,10.224,25230
304140,H,08500,2015,9.812,08500
304145,H,08031,2015,10.654,08031
304228,H,08021,2015,12.604,08173
304235,H,43800,2015,10.462,43002
303982,H,08739,2015,12.042,08770
303983,H,08014,2015,10.856,08010
303985,H,38410,2015,10.309,
303999,D,08700,2015,11.176,08700
304000,H,08029,2015,11.258,08029
304002,H,08401,2015,11.562,08400
309145,D,08035,2015,11.404,08035
310467,H,08960,2015,9.84,
308044,H,17800,2015,10.758,17800
308063,H,08940,2015,9.916,08906
308065,H,08005,2015,12.23,08010
231325,H,08917,2010,9.79,08912
229176,H,08520,2010,10.646,08530
230188,H,08173,2010,13.59,08173
226793,D,07800,2010,10.48,
226463,H,08029,2010,10.004,08034
226464,H,08150,2010,10.916,08401
227303,H,08034,2010,10.154,08017
227309,H,08023,2010,12.496,08022
227338,H,08032,2010,10.518,08034
227341,D,08037,2010,12.244,08034
227871,H,08720,2010,10.908,08720
226410,H,10000,2010,12.507,
227178,H,08024,2010,10.36,08024
227327,H,08500,2010,10.928,08500
227334,H,08500,2010,11.928,08500
227878,H,17002,2010,10.892,17005
227048,D,08905,2010,11.334,08901
228958,H,08029,2010,11.268,08014
227707,H,08019,2010,10.492,08010
226774,H,35002,2010,13.161,
227641,H,08027,2010,11.18,08027
227775,H,08195,2010,10.308,08034
227801,H,08023,2010,11.432,08017
229857,H,08005,2010,10.792,
228540,D,25005,2010,9.924,25002
228657,H,08330,2010,11.154,08302
227476,H,08028,2010,9.88,08017
227482,D,08197,2010,11.76,08017
227497,H,08503,2010,12.542,08500
227636,H,08034,2010,11.574,08035
226888,D,08350,2010,9.842,08350
232153,H,08173,2010,9.624,08021
232965,H,08035,2010,10.549,
232981,H,08100,2010,10.708,08100
229949,H,08034,2010,9.95,08034
228128,D,25282,2010,12.354,25280
229754,D,08041,2010,12.864,08007
226944,H,07410,2010,12.15,
228164,H,17520,2010,10.56,17520
229146,H,43850,2010,11.488,43205
243050,D,07006,2011,11.73,
245307,H,08021,2011,11.138,08034
245308,H,08008,2011,10.754,08034
243773,H,20012,2011,12.718,
246304,D,08301,2011,11.8,08302
245763,H,08017,2011,10.46,08017
245776,H,08019,2011,9.774,08009
245708,H,08025,2011,11.27,08017
245724,H,08017,2011,10.188,08034
245113,H,08980,2011,10.458,08034
245219,H,08037,2011,10.898,08036
243740,H,08034,2011,12.263,
245229,H,08042,2011,9.918,08035
246356,H,08197,2011,11.724,08173
246373,D,08029,2010,11.848,08036
244289,H,43850,2011,12.008,43850
244290,H,43850,2011,10.964,43850
244455,H,43002,2011,11.5,43003
244468,D,08036,2011,11.524,08029
245826,H,08034,2011,12.18,08022
232526,D,43201,2010,10.48,43206
232235,H,08005,2010,9.638,08022
232347,H,08028,2010,9.756,08028
232351,H,08150,2010,9.746,08100
244129,H,43700,2011,12.668,43700
245432,H,08711,2011,9.722,08700
247426,H,08302,2010,9.49,08301
245332,D,08017,2011,12.518,08022
245344,H,08201,2011,11.162,08201
245486,D,08005,2011,10.614,08005
245516,D,08034,2011,11.55,08034
245517,D,08034,2011,11.324,08034
244843,H,17600,2011,10.45,17600
245377,H,08370,2011,11.348,08370
245654,H,08018,2011,10.2,08027
243993,D,08870,2010,12.126,08009
244886,H,08022,2011,10.224,08021
244149,D,43007,2011,9.81,43003
245674,H,08029,2011,10.94,08034
245675,H,08028,2011,10.76,08034
244891,H,08008,2011,11.596,08021
245584,H,08025,2013,11.068,08034
245585,H,08029,2011,10.83,08034
244106,H,43007,2011,12.988,43007
245929,H,08028,2011,11.82,08017
245405,D,08754,2011,10.664,08022
245553,D,08025,2011,11.062,08006
245554,H,08005,2011,10.316,08010
244633,H,08023,2011,9.744,08021
245410,H,08030,2011,10.996,08030
245473,H,08348,2011,10.316,08301
244077,H,08013,2011,10.424,08013
245633,D,08013,2011,9.932,08009
252402,H,08840,2011,9.568,08850
252403,H,08035,2011,9.606,08034
247072,H,12580,2011,10.92,
247077,H,08025,2011,10.628,
252424,H,43001,2011,9.556,43003
261690,D,08021,2012,12.288,08006
254670,H,08029,2011,9.498,08034
250540,H,08338,2011,9.654,08301
261768,H,08037,2012,10.752,08950
261782,H,17310,2012,11.986,17310
248914,H,08302,2011,9.84,08303
249896,H,08004,2011,9.664,08036
261740,H,07004,2012,10.796,
248504,H,08032,2011,10.222,08031
250824,D,17300,2011,10.01,17003
248425,H,08022,2011,11.87,08034
259405,D,08195,2012,12.718,08034
260528,H,08017,2012,11.728,08021
260770,H,08026,2012,10.712,08026
259251,H,08006,2012,11.88,08017
259963,H,08013,2012,10.696,08009
258490,H,25310,2012,12.5,25310
258272,H,08006,2012,11.888,08034
260950,H,08100,2012,10.876,08100
259337,H,43005,2012,12.782,43005
261630,H,08902,2012,11.322,08902
258301,H,08008,2012,12.594,08017
258233,D,08173,2012,12.548,08173
259700,D,08034,2012,11.784,08029
259702,D,08014,2012,11.366,08029
259826,H,08015,2012,10.516,08036
259848,H,08394,2012,10.734,08301
259855,H,25173,2012,12.062,25110
259187,D,08192,2012,12.376,08034
261332,H,08014,2012,11.488,08014
261337,H,43392,2012,12.05,43206
261353,H,43007,2012,11.53,43003
261112,H,08173,2012,11.46,08017
261216,H,07760,2012,11.844,
261950,H,08042,2012,10.756,08031
261281,H,08023,2012,11.56,08902
261961,H,08026,2012,10.484,08009
261381,D,08021,2012,11.448,08006
261487,H,08750,2012,11.138,08750
261422,H,08022,2012,10.684,08035
259916,H,08028,2012,12.14,08023
262064,H,08004,2011,13.036,08001
265174,H,08180,2012,11.51,08180
264334,H,08860,2012,11.08,08860
259000,H,08924,2012,12.818,08924
264489,H,08041,2012,11.614,08024
258731,H,08940,2012,11.186,08940
260269,H,07400,2012,11.266,
260382,H,43740,2012,10.624,43740
259597,H,43201,2012,11.278,43120
259442,D,08950,2012,10.46,08034
259997,H,08031,2011,10.526,08902
260721,H,17820,2012,12.532,17820
258748,H,08021,2012,10.614,08034
258750,H,08029,2012,10.606,08036
260804,H,08017,2012,11.734,08017
258162,H,08016,2012,11.684,08016
260158,H,08031,2012,11.56,08031
258916,H,08024,2012,11.976,08024
260424,H,08197,2012,12.048,08173
260661,H,25006,2012,12.168,25002
258937,D,07703,2012,11.33,
258713,H,08750,2012,10.544,08750
260334,H,08032,2012,11.048,08012
258972,H,08041,2012,12.028,08024
260196,D,08006,2012,11.422,08021
274700,H,17834,2013,13.426,17458
274368,H,08022,2013,11.644,08021
274626,H,08017,2013,11.798,08173
265086,H,07004,2012,11.236,
262844,H,08023,2012,10.494,08017
262806,D,43500,2012,11.256,43500
276755,H,08012,2013,10.15,08024
276821,D,43890,2013,11.228,43890
275778,H,08028,2013,10.95,08014
276787,H,08980,2013,11.92,08980
275945,H,08037,2013,11.326,08009
276710,H,08800,2013,10.492,08800
276229,H,22500,2013,10.342,25110
275640,H,25300,2013,11.28,08006
276633,H,08023,2013,12.264,08006
276641,H,08330,2013,11.358,08330
275391,H,08024,2013,10.934,08035
275676,H,08025,2013,10.114,08009
275679,H,08100,2011,10.166,08100
275519,H,08041,2013,12.644,08031
275525,H,08970,2013,11.462,08034
275319,H,08198,2013,13.042,08021
276462,H,17230,2013,12.58,17230
274930,D,08021,2013,11.13,
274282,H,08021,2012,10.068,08017
275466,H,08230,2013,12.864,08230
277065,D,43781,2013,10.234,43780
280125,H,08017,2013,10.618,08022
280245,H,08021,2013,9.852,08034
277465,H,08017,2013,11.13,08017
277466,H,08020,2013,10.746,08027
275624,H,08008,2013,11.264,08009
275698,H,08017,2013,11.59,08035
277177,H,17600,2013,12.186,17600
278072,H,08924,2012,11.672,08924
277084,D,43500,2013,11.89,43500
277315,H,08402,2013,10.062,08520
281291,H,08028,2013,9.758,17430
281293,H,08028,2013,9.724,08034
279357,H,43430,2013,10.878,43400
277893,H,17100,2013,12.238,17100
277915,H,08500,2013,10.482,08500
278190,H,43203,2013,12.264,43206
276984,H,25560,2013,12.006,25560
279255,H,00000,2013,11,
277829,D,08017,2013,13.052,08193
278234,D,08017,2013,11.636,08022
292901,H,43747,2014,10.324,43740
292906,D,08035,2014,10.504,08034
292910,H,07014,2014,12.392,
292921,D,08329,2014,10.436,08320
292928,D,08015,2014,13.516,08021
292934,H,08840,2014,10.66,08840
292260,D,08013,2014,12.216,08010
289415,H,08328,2014,10.732,08010
289419,H,08024,2014,11.142,08022
289287,H,17857,2014,10.336,08035
289295,D,43890,2014,11.35,43110
289305,H,08950,2014,10.054,08034
289307,H,07013,2014,12.572,
289151,H,08025,2014,11.774,08009
289163,D,08034,2014,11.942,08034
289167,H,08203,2014,13.72,08205
289250,H,08338,2014,10.832,08302
289253,H,25620,2014,10.164,25620
289256,H,08010,2014,10.738,08010
289315,H,08173,2014,10.722,08034
289321,H,08030,2014,10.042,08030
289327,H,43206,2014,11.964,43204
289333,H,08017,2014,10.008,08017
288999,H,08030,2014,10.246,08030
289195,H,12594,2014,10.12,
289196,H,08025,2014,10.024,08025
289200,H,25140,2014,9.544,25400
289201,H,07750,2014,10.872,
289099,D,08017,2014,11.594,08022
289105,D,08022,2014,10.916,08022
289008,H,08022,2014,12.352,08017
289009,H,08013,2014,11.256,08009
289118,H,08015,2014,11.468,08015
289120,D,25196,2014,11.338,25111
289123,H,08032,2014,10.964,08022
289405,H,08021,2012,10.088,08021
289049,H,08029,2014,11.426,08029
289233,D,08172,2014,10.884,08034
289234,D,08024,2014,10.402,08012
289237,D,08017,2014,11.276,08022
289242,H,43420,2014,11.186,08719
289243,D,08243,2014,12.334,08242
289058,H,17001,2014,11.53,17003
289064,H,08010,2014,9.886,08010
289075,H,08390,2014,11.156,08390
289078,D,08017,2014,10.042,08034
289081,D,08017,2014,10.598,08022
289372,H,12500,2014,9.426,
289379,H,17002,2014,10.798,17005
289094,H,08130,2014,10.356,08100
289265,H,08021,2014,12.704,08173
288957,D,08340,2014,11.294,08390
289341,H,08902,2014,11.036,08014
289343,D,08025,2014,12.898,08034
289346,H,35600,2014,11.914,
289349,D,08023,2014,11.188,08023
289355,H,08006,2014,11.054,08022
289358,H,08005,2014,11.68,
289359,D,07005,2014,10.936,
289363,D,08011,2014,12.026,08034
289208,D,08830,2014,10.988,08830
288979,H,08859,2014,10.386,08850
289381,D,08202,2014,12.078,08193
289393,H,08006,2014,10.26,08034
289209,H,25620,2014,12.122,25620
289398,H,25003,2014,10.394,25002
289399,H,08907,2014,11.768,08907
289043,D,43201,2014,9.778,43206
289044,H,08029,2014,10.498,08029
304049,H,07210,2015,11.444,
304050,H,25280,2014,10.512,25280
304324,H,08006,2015,11.144,08034
304289,H,08014,2015,11.286,08014
304290,H,08006,2015,10.688,08173
304312,D,25125,2015,12.756,25196
304322,H,07200,2015,9.996,
304055,H,08820,2015,10.41,08820
304057,H,08380,2015,13.342,17003
304244,H,08901,2015,10.67,08907
304245,H,08186,2015,11.026,08010
304248,D,07140,2015,10.976,
304251,H,08031,2015,9.812,08180
304252,H,08031,2015,11.278,08031
304341,H,08391,2015,10.59,08390
304086,H,08700,2015,11.068,08700
304092,H,08770,2015,11.398,08770
304103,H,08015,2015,12.366,08015
304171,D,08205,2015,11.69,08034
304177,H,08037,2015,10.022,08021
304193,D,25004,2015,11.984,25002
304371,H,08197,2015,9.716,08034
304372,H,08017,2015,12.284,08022
304377,H,08017,2015,13.018,08034
304381,H,08028,2015,11.628,08034
304113,H,08620,2015,11.082,08620
304203,D,08195,2015,11.578,08193
304204,H,08034,2015,10.47,08006
304211,H,08800,2015,10.504,08800
304215,H,08107,2015,9.73,08520
304394,H,08500,2015,11.89,08500
304402,H,35420,2015,11.245,
304409,H,08922,2015,10.31,08917
304135,H,08031,2015,12.848,08032
304136,H,08029,2015,11.552,08017
304225,H,08022,2015,11.582,08022
304229,D,08021,2015,12.638,08017
304410,H,08905,2015,9.764,08907
303965,H,08022,2015,10.602,08022
303975,H,08005,2015,12.346,08010
303988,H,08035,2015,11.574,08031
309135,H,08034,2014,9.364,08017
308045,H,07015,2015,11.994,
308046,H,08028,2015,12.216,08034
308048,H,08923,2015,9.746,08924
308056,H,08021,2015,10.638,08034
308058,H,08906,2015,11.25,08950
308060,H,08800,2015,11.078,08800
308064,H,08172,2015,10.93,08022
